Space Name,Blueprint Name,Milestone Name,Activity,Color,Tech Solution Type,On Shore,Off Shore,Monthly Volume,Cycle Time,Participant Name,Milestone Number,Activity Number
"Blueworks Live Training, TMR Space",FCL Timeline FC Sale - Level 3,Scheduling Completed,Enter/Update Foreclosure Sale Date,yellow,DIS - Step Service|DIS - Data Form Service,0.0,0.0,1078,1 Minutes,Foreclosure Attorney,1,1.01
"Blueworks Live Training, TMR Space",FCL Timeline FC Sale - Level 3,Scheduling Completed,Launch Bidding Instructions Rail,default,DIS - Step Service,0.0,0.0,2223,,LPS (Workflow) Vendor,1,1.02
"Blueworks Live Training, TMR Space",FCL Timeline FC Sale - Level 3,OCC Checklist Completed,Review Bid Report & Confirm Checklist,yellow,DIS - Step Service,2.0,0.0,2223,5 Minutes,Foreclosure Bid Team,2,2.01
"Blueworks Live Training, TMR Space",FCL Timeline FC Sale - Level 3,Bid Instructions Prepared,FHA CWCOT/Government Loan Decision,default,Othe,2.0,0.0,2223,1 Minutes,Foreclosure Bid Team,3,3.01
"Blueworks Live Training, TMR Space",FCL Timeline FC Sale - Level 3,Bid Tasks Completed,Create non-GSE Bid Instructions per Guidelines,default,Othe,2.0,0.0,7600,10 Minutes,Foreclosure Bid Team,4,4.01
"Blueworks Live Training, TMR Space",FCL Timeline FC Sale - Level 3,Bid Tasks Completed,Complete Bid Preparations,default,,2.0,0.0,2223,5 Minutes,Foreclosure Bid Team,4,4.02
"Blueworks Live Training, TMR Space",FCL Timeline FC Sale - Level 3,Bid Tasks Completed,Add BDCT Collection Code in Loan System,default,LSAMS Technology Enhancement,2.0,0.0,2223,2 Minutes,Foreclosure Bid Team,4,4.029999999999999
"Blueworks Live Training, TMR Space",FCL Timeline FC Sale - Level 3,Bid Tasks Completed,Create Bid Instr per CWCOT Matrix,default,Othe,2.0,0.0,398,10 Minutes,Foreclosure Bid Team,4,4.039999999999999
"Blueworks Live Training, TMR Space",FCL Timeline FC Sale - Level 3,Bid Tasks Completed,Create GSE Bid Instructions per Investor Guidelines,default,Othe,2.0,0.0,578,10 Minutes,Foreclosure Bid Team,4,4.049999999999999
"Blueworks Live Training, TMR Space",FCL Timeline FC Sale - Level 3,Lender System Updated,Upload Bid Instructions to Default Workflow,yellow,DIS - Data Form Service|DIS - Step Service|Othe,2.0,0.0,2223,2 Minutes,Foreclosure Bid Team,5,5.01
"Blueworks Live Training, TMR Space",FCL Timeline FC Sale - Level 3,Lender System Updated,Add PRSL Code to Loan Sysem,default,LSAMS Technology Enhancement,2.0,0.0,226,2 Minutes,Foreclosure Bid Team,5,5.02
"Blueworks Live Training, TMR Space",FCL Timeline FC Sale - Level 3,Foreclosure Sale Tasks Executed,Request Title Update,,,0.0,0.0,1409,,Foreclosure Attorney,6,6.01
"Blueworks Live Training, TMR Space",FCL Timeline FC Sale - Level 3,Foreclosure Sale Tasks Executed,Complete Pre Sale BK Check,,,0.0,0.0,1409,,Foreclosure Attorney,6,6.02
"Blueworks Live Training, TMR Space",FCL Timeline FC Sale - Level 3,Foreclosure Sale Tasks Executed,Complete SCRA Sale Eligibility Review,,,0.0,0.0,1409,,Foreclosure Attorney,6,6.029999999999999
"Blueworks Live Training, TMR Space",FCL Timeline FC Sale - Level 3,Foreclosure Sale Tasks Executed,Enter Sale Results in Default Workflow,default,,0.0,0.0,1077,,Foreclosure Attorney,6,6.039999999999999
"Blueworks Live Training, TMR Space",FCL Timeline FC Sale - Level 3,Foreclosure Sale Tasks Executed,Complete Chronology in Default Workflow,default,,0.0,0.0,1375,,Foreclosure Attorney,6,6.049999999999999
"Blueworks Live Training, TMR Space",FCL Timeline FC Sale - Level 3,Foreclosure Sale Tasks Executed,Execute Foreclosure Sale/DIL GSE Reporting,default,,2.0,0.0,743,10 Minutes,Investor Reporting,6,6.059999999999999
"Blueworks Live Training, TMR Space",FCL Timeline FC Sale - Level 3,Foreclosure Sale Tasks Executed,Execute Foreclosure Post Sales Tasks,,,0.0,0.0,1055,,Foreclosure Attorney,6,6.0699999999999985
"Blueworks Live Training, TMR Space",Foreclosure Title Orders - Level 3,Foreclosure Title Report Created,Create Foreclosure Title Order Report,default,Existing LSAMS Technology,0.0,0.0,1117,,Default Reporting Team,1,1.01
"Blueworks Live Training, TMR Space",Foreclosure Title Orders - Level 3,Title Order Forwarded,Auto Send Assigned Title,default,Existing LSAMS Technology,0.0,0.0,328,,Default Reporting Team,2,2.01
"Blueworks Live Training, TMR Space",Foreclosure Title Orders - Level 3,Title Order Forwarded,Receive Title Order Assignment,default,,0.0,0.0,328,,Internal Title Vendor,2,2.0199999999999996
"Blueworks Live Training, TMR Space",Foreclosure Title Orders - Level 3,Title Order Forwarded,Forward Title Order Assignments,default,,0.0,0.0,789,,Default Reporting Team,2,2.0299999999999994
"Blueworks Live Training, TMR Space",Foreclosure Title Orders - Level 3,Title Order Forwarded,Receive Title Order/Update Default Workflow,default,,0.0,0.0,770,3 Minutes,LPS Admin Team,2,2.039999999999999
"Blueworks Live Training, TMR Space",Foreclosure Title Orders - Level 3,Title Order Forwarded,Receive Title Order/Update Lender System,yellow,LSAMS Technology Enhancement,1.0,0.0,1117,3 Minutes,Title Order Team,2,2.049999999999999
"Blueworks Live Training, TMR Space",Foreclosure Title Orders - Level 3,Title Order Forwarded,Forward Title Order to External Vendor,yellow,LSAMS Technology Enhancement,1.0,0.0,19,6 Minutes,Title Order Team,2,2.0599999999999987
"Blueworks Live Training, TMR Space",Foreclosure Title Orders - Level 3,Title Order Forwarded,Receive Title Order Assignment,default,,0.0,0.0,19,,External Title Vendor,2,2.0699999999999985
"Blueworks Live Training, TMR Space",Foreclosure Title Orders - Level 3,Assigned Titles Ordered,Order Assigned Titles,,,0.0,0.0,328,,Internal Title Vendor,3,3.01
"Blueworks Live Training, TMR Space",Foreclosure Title Orders - Level 3,Assigned Titles Ordered,Order Title for FNMA/Gov Loans,,,0.0,0.0,770,,Foreclosure Attorney,3,3.0199999999999996
"Blueworks Live Training, TMR Space",Foreclosure Title Orders - Level 3,Assigned Titles Ordered,Order Assigned Titles,,,0.0,0.0,19,,External Title Vendor,3,3.0299999999999994
"Blueworks Live Training, TMR Space",Foreclosure Title Orders - Level 3,Title Delays Managed,Monitor Title Orders & Control Report,yellow,DIS - Step Service,1.0,0.0,1117,32 Minutes,Title Order Team,4,4.01
"Blueworks Live Training, TMR Space",Foreclosure Title Orders - Level 3,Title Delays Managed,Engage Title Vendor or Attorney,yellow,DIS - Step Service,1.0,0.0,92,3 Minutes,Title Order Team,4,4.02
"Blueworks Live Training, TMR Space",Foreclosure Title Orders - Level 3,Title Delays Managed,Monitor for Receipt Acknowledgement from Attorney,yellow,DIS - Step Service,1.0,0.0,1117,3 Minutes,Title Order Team,4,4.029999999999999
"Blueworks Live Training, TMR Space",Foreclosure Title Orders - Level 3,Title Delays Managed,Acknowledge Title Receipt,default,,0.0,0.0,1025,,Foreclosure Attorney,4,4.039999999999999
"Blueworks Live Training, TMR Space",Foreclosure Title Orders - Level 3,Title Delays Managed,Forward Missed SLA Data to Applicable Team,yellow,DIS - Step Service,1.0,0.0,78,2 Minutes,Title Order Team,4,4.049999999999999
"Blueworks Live Training, TMR Space",Foreclosure Title Orders - Level 3,Title Clearing Tasks Completed,Update Title Status,default,,1.0,0.0,1117,2 Minutes,Title Order Team,5,5.01
"Blueworks Live Training, TMR Space",Foreclosure Title Orders - Level 3,Title Clearing Tasks Completed,Update Default Workflow System for Title Issue,default,,0.0,0.0,21,,Foreclosure Attorney,5,5.02
"Blueworks Live Training, TMR Space",FCL Timeline Non-Judicial Quasi Proceeding - Level 3,Foreclosure Type Determined,Receive Referral File,,,0.0,0.0,477,,Foreclosure Attorney,1,1.01
"Blueworks Live Training, TMR Space",FCL Timeline Non-Judicial Quasi Proceeding - Level 3,Title Tasks Executed,Monitor Title for Delivery,,,0.0,0.0,477,24H,Foreclosure Attorney,2,2.01
"Blueworks Live Training, TMR Space",FCL Timeline Non-Judicial Quasi Proceeding - Level 3,Title Tasks Executed,Curative Title Process,,,2.0,0.0,44,,Curative Title Team,2,2.0199999999999996
"Blueworks Live Training, TMR Space",FCL Timeline Non-Judicial Quasi Proceeding - Level 3,Title Tasks Executed,Continue Foreclosure Process,,,0.0,0.0,477,,Foreclosure Attorney,2,2.0299999999999994
"Blueworks Live Training, TMR Space",FCL Timeline Non-Judicial Quasi Proceeding - Level 3,Title Tasks Executed,"Evaluate Foreclosure, Title, Restart State",,,0.0,0.0,477,,Foreclosure Attorney,2,2.039999999999999
"Blueworks Live Training, TMR Space",FCL Timeline Non-Judicial Quasi Proceeding - Level 3,Title Tasks Executed,Publish Notice of Default (1st Legal),,,0.0,0.0,175,,Foreclosure Attorney,2,2.049999999999999
"Blueworks Live Training, TMR Space",FCL Timeline Non-Judicial Quasi Proceeding - Level 3,Title Tasks Executed,Request State Documents,,,0.0,0.0,52,,Foreclosure Attorney,2,2.0599999999999987
"Blueworks Live Training, TMR Space",FCL Timeline Non-Judicial Quasi Proceeding - Level 3,Title Tasks Executed,Request Notice of Hearing (1st Legal),,,0.0,0.0,52,,Foreclosure Attorney,2,2.0699999999999985
"Blueworks Live Training, TMR Space",FCL Timeline Non-Judicial Quasi Proceeding - Level 3,Title Tasks Executed,Confirm Service Complete,,,0.0,0.0,52,,Foreclosure Attorney,2,2.0799999999999983
"Blueworks Live Training, TMR Space",FCL Timeline Non-Judicial Quasi Proceeding - Level 3,Title Tasks Executed,Schedule & Conduct Hearing,,,0.0,0.0,52,,Court,2,2.089999999999998
"Blueworks Live Training, TMR Space",FCL Timeline Non-Judicial Quasi Proceeding - Level 3,Title Tasks Executed,Enter Order for Sale,,,0.0,0.0,52,,Court,2,2.099999999999998
"Blueworks Live Training, TMR Space",FCL Timeline Non-Judicial Quasi Proceeding - Level 3,Title Tasks Executed,Execute State Required Documents,,,19.0,0.0,52,135 Minutes,DocEx,2,2.1099999999999977
"Blueworks Live Training, TMR Space",FCL Timeline Non-Judicial Quasi Proceeding - Level 3,Publish Results Determined,Publish Notice of Trustee Sale,,,0.0,0.0,175,,Foreclosure Attorney,3,3.01
"Blueworks Live Training, TMR Space",FCL Timeline Non-Judicial Quasi Proceeding - Level 3,Publish Results Determined,Schedule Foreclosure Sale,,,0.0,0.0,599,,Foreclosure Attorney,3,3.0199999999999996
"Blueworks Live Training, TMR Space",FCL Timeline Non-Judicial Quasi Proceeding - Level 3,Publish Results Determined,Publish (Post) Notice of Sale,,,0.0,0.0,52,3W,Foreclosure Attorney,3,3.0299999999999994
"Blueworks Live Training, TMR Space",FCL Timeline Non-Judicial Quasi Proceeding - Level 3,Publish Results Determined,Publish Notice of Intent for Sale (1st Legal),,,0.0,0.0,174,,Foreclosure Attorney,3,3.039999999999999
"Blueworks Live Training, TMR Space",FCL Timeline Non-Judicial Quasi Proceeding - Level 3,Publish Results Determined,Enter Sale Scheduled For Date in Default Workflow,,,0.0,0.0,599,,Foreclosure Attorney,3,3.049999999999999
"Blueworks Live Training, TMR Space",FCL Timeline FC Sale - Level 3,Scheduling Completed,Enter/Update Foreclosure Sale Date,yellow,DIS - Step Service,0.0,0.0,1078,1 Minutes,Foreclosure Attorney,1,1.01
"Blueworks Live Training, TMR Space",FCL Timeline FC Sale - Level 3,Scheduling Completed,Launch Bidding Instructions Rail,yellow,DIS - Step Service,0.0,0.0,2223,,LPS (Workflow) Vendor,1,1.02
"Blueworks Live Training, TMR Space",FCL Timeline FC Sale - Level 3,OCC Checklist Completed,Review Bid Report & Confirm Checklist,default,,2.0,0.0,2223,5 Minutes,Foreclosure Bid Team,2,2.01
"Blueworks Live Training, TMR Space",FCL Timeline FC Sale - Level 3,Bid Instructions Prepared,FHA CWCOT/Government Loan Decision,default,,2.0,0.0,2223,1 Minutes,Foreclosure Bid Team,3,3.01
"Blueworks Live Training, TMR Space",FCL Timeline FC Sale - Level 3,Bid Tasks Completed,Create non-GSE Bid Instructions per Guidelines,default,,2.0,0.0,7600,10 Minutes,Foreclosure Bid Team,4,4.01
"Blueworks Live Training, TMR Space",FCL Timeline FC Sale - Level 3,Bid Tasks Completed,Complete Bid Preparations,default,,2.0,0.0,2223,5 Minutes,Foreclosure Bid Team,4,4.02
"Blueworks Live Training, TMR Space",FCL Timeline FC Sale - Level 3,Bid Tasks Completed,Add BDCT Collection Code in Loan System,default,LSAMS Technology Enhancement,2.0,0.0,2223,2 Minutes,Foreclosure Bid Team,4,4.029999999999999
"Blueworks Live Training, TMR Space",FCL Timeline FC Sale - Level 3,Bid Tasks Completed,Create Bid Instr per CWCOT Matrix,default,,2.0,0.0,398,10 Minutes,Foreclosure Bid Team,4,4.039999999999999
"Blueworks Live Training, TMR Space",FCL Timeline FC Sale - Level 3,Bid Tasks Completed,Create GSE Bid Instructions per Investor Guidelines,default,,2.0,0.0,578,10 Minutes,Foreclosure Bid Team,4,4.049999999999999
"Blueworks Live Training, TMR Space",FCL Timeline FC Sale - Level 3,Lender System Updated,Upload Bid Instructions to Default Workflow,yellow,DIS - Step Service,2.0,0.0,2223,2 Minutes,Foreclosure Bid Team,5,5.01
"Blueworks Live Training, TMR Space",FCL Timeline FC Sale - Level 3,Lender System Updated,Add PRSL Code to Loan Sysem,default,LSAMS Technology Enhancement,2.0,0.0,226,2 Minutes,Foreclosure Bid Team,5,5.02
"Blueworks Live Training, TMR Space",FCL Timeline FC Sale - Level 3,Foreclosure Sale Tasks Executed,Request Title Update,,,0.0,0.0,1409,,Foreclosure Attorney,6,6.01
"Blueworks Live Training, TMR Space",FCL Timeline FC Sale - Level 3,Foreclosure Sale Tasks Executed,Complete Pre Sale BK Check,,,0.0,0.0,1409,,Foreclosure Attorney,6,6.02
"Blueworks Live Training, TMR Space",FCL Timeline FC Sale - Level 3,Foreclosure Sale Tasks Executed,Complete SCRA Sale Eligibility Review,,,0.0,0.0,1409,,Foreclosure Attorney,6,6.029999999999999
"Blueworks Live Training, TMR Space",FCL Timeline FC Sale - Level 3,Foreclosure Sale Tasks Executed,Enter Sale Results in Default Workflow,default,,0.0,0.0,1077,,Foreclosure Attorney,6,6.039999999999999
"Blueworks Live Training, TMR Space",FCL Timeline FC Sale - Level 3,Foreclosure Sale Tasks Executed,Complete Chronology in Default Workflow,default,,0.0,0.0,1375,,Foreclosure Attorney,6,6.049999999999999
"Blueworks Live Training, TMR Space",FCL Timeline FC Sale - Level 3,Foreclosure Sale Tasks Executed,Execute Foreclosure Sale/DIL GSE Reporting,default,,2.0,0.0,743,10 Minutes,Investor Reporting,6,6.059999999999999
"Blueworks Live Training, TMR Space",FCL Timeline FC Sale - Level 3,Foreclosure Sale Tasks Executed,Execute Foreclosure Post Sales Tasks,,,0.0,0.0,1055,,Foreclosure Attorney,6,6.0699999999999985
"Blueworks Live Training, TMR Space",FCL Timeline DocEx- Level 3,FCL Documents Received,Complete/Launch Signature Request Documents,,,0.0,0.0,701,,Foreclosure Attorney,1,1.01
"Blueworks Live Training, TMR Space",FCL Timeline DocEx- Level 3,FCL Documents Received,Review Document Requests,,,0.0,7.0,701,15 Minutes,TCS Offshore,1,1.02
"Blueworks Live Training, TMR Space",FCL Timeline DocEx- Level 3,FCL Documents Received,"QC ""Wet Signature"" Request List",,,19.0,0.0,685,90 Minutes,QC/Execution Onshore,1,1.03
"Blueworks Live Training, TMR Space",FCL Timeline DocEx- Level 3,FCL Documents Received,Complete Signature Execution Requests,,,19.0,0.0,685,5 Minutes,QC/Execution Onshore,1,1.04
"Blueworks Live Training, TMR Space",FCL Timeline DocEx- Level 3,FCL Documents Received,Correct and Re-Submit,,,0.0,0.0,51,,Foreclosure Attorney,1,1.05
"Blueworks Live Training, TMR Space",FCL Timeline DocEx- Level 3,FCL Documents Received,Complete eSign Document Execution Request,,,19.0,0.0,120,5 Minutes,QC/Execution Onshore,1,1.06
"Blueworks Live Training, TMR Space",FCL Timeline DocEx- Level 3,Documents Reviewed,Image All Documents,yellow,DIS - Document Service,4.0,0.0,679,15 Minutes,Servicing Timeline DocEx Mail Team,2,2.01
"Blueworks Live Training, TMR Space",FCL Timeline DocEx- Level 3,Documents Reviewed,Create Regular Mail & eFile Lists,yellow,DIS - Document Service,4.0,0.0,679,5 Minutes,Servicing Timeline DocEx Mail Team,2,2.0199999999999996
"Blueworks Live Training, TMR Space",FCL Timeline DocEx- Level 3,Documents Reviewed,Mail Physical Documents to Attorney,yellow,DIS - Document Service,4.0,0.0,679,5 Minutes,Servicing Timeline DocEx Mail Team,2,2.0299999999999994
"Blueworks Live Training, TMR Space",FCL Timeline DocEx- Level 3,Documents Delivered,Upload Signed eFile Documents,yellow,DIS - Document Service,0.0,7.0,679,3 Minutes,TCS Offshore,3,3.01
"Blueworks Live Training, TMR Space",FCL Timeline DocEx- Level 3,Documents Delivered,Receive Mailed or eFiled Documents,,,0.0,0.0,679,10D,Foreclosure Attorney,3,3.0199999999999996
"Blueworks Live Training, TMR Space",FCL Timeline DocEx- Level 3,Documents Delivered,Confirm Document Request,,,0.0,0.0,679,,Foreclosure Attorney,3,3.0299999999999994
"Blueworks Live Training, TMR Space",FCL Timeline DocEx- Level 3,Documents Delivered,Close Signature Required Rail,,,0.0,0.0,679,,Foreclosure Attorney,3,3.039999999999999
"Blueworks Live Training, TMR Space",FCL Timeline FC Sale - Level 3,Scheduling Completed,Enter/Update Foreclosure Sale Date,yellow,DIS - Step Service,0.0,0.0,1078,1 Minutes,Foreclosure Attorney,1,1.01
"Blueworks Live Training, TMR Space",FCL Timeline FC Sale - Level 3,Scheduling Completed,Launch Bidding Instructions Rail,yellow,DIS - Step Service,0.0,0.0,2223,,LPS (Workflow) Vendor,1,1.02
"Blueworks Live Training, TMR Space",FCL Timeline FC Sale - Level 3,OCC Checklist Completed,Review Bid Report & Confirm Checklist,default,,2.0,0.0,2223,5 Minutes,Foreclosure Bid Team,2,2.01
"Blueworks Live Training, TMR Space",FCL Timeline FC Sale - Level 3,Bid Instructions Prepared,FHA CWCOT/Government Loan Decision,default,,2.0,0.0,2223,1 Minutes,Foreclosure Bid Team,3,3.01
"Blueworks Live Training, TMR Space",FCL Timeline FC Sale - Level 3,Bid Tasks Completed,Create non-GSE Bid Instructions per Guidelines,default,,2.0,0.0,7600,10 Minutes,Foreclosure Bid Team,4,4.01
"Blueworks Live Training, TMR Space",FCL Timeline FC Sale - Level 3,Bid Tasks Completed,Complete Bid Preparations,default,,2.0,0.0,2223,5 Minutes,Foreclosure Bid Team,4,4.02
"Blueworks Live Training, TMR Space",FCL Timeline FC Sale - Level 3,Bid Tasks Completed,Add BDCT Collection Code in Loan System,default,LSAMS Technology Enhancement,2.0,0.0,2223,2 Minutes,Foreclosure Bid Team,4,4.029999999999999
"Blueworks Live Training, TMR Space",FCL Timeline FC Sale - Level 3,Bid Tasks Completed,Create Bid Instr per CWCOT Matrix,default,,2.0,0.0,398,10 Minutes,Foreclosure Bid Team,4,4.039999999999999
"Blueworks Live Training, TMR Space",FCL Timeline FC Sale - Level 3,Bid Tasks Completed,Create GSE Bid Instructions per Investor Guidelines,default,,2.0,0.0,578,10 Minutes,Foreclosure Bid Team,4,4.049999999999999
"Blueworks Live Training, TMR Space",FCL Timeline FC Sale - Level 3,Lender System Updated,Upload Bid Instructions to Default Workflow,yellow,DIS - Step Service,2.0,0.0,2223,2 Minutes,Foreclosure Bid Team,5,5.01
"Blueworks Live Training, TMR Space",FCL Timeline FC Sale - Level 3,Lender System Updated,Add PRSL Code to Loan Sysem,default,LSAMS Technology Enhancement,2.0,0.0,226,2 Minutes,Foreclosure Bid Team,5,5.02
"Blueworks Live Training, TMR Space",FCL Timeline FC Sale - Level 3,Foreclosure Sale Tasks Executed,Request Title Update,,,0.0,0.0,1409,,Foreclosure Attorney,6,6.01
"Blueworks Live Training, TMR Space",FCL Timeline FC Sale - Level 3,Foreclosure Sale Tasks Executed,Complete Pre Sale BK Check,,,0.0,0.0,1409,,Foreclosure Attorney,6,6.02
"Blueworks Live Training, TMR Space",FCL Timeline FC Sale - Level 3,Foreclosure Sale Tasks Executed,Complete SCRA Sale Eligibility Review,,,0.0,0.0,1409,,Foreclosure Attorney,6,6.029999999999999
"Blueworks Live Training, TMR Space",FCL Timeline FC Sale - Level 3,Foreclosure Sale Tasks Executed,Enter Sale Results in Default Workflow,default,,0.0,0.0,1077,,Foreclosure Attorney,6,6.039999999999999
"Blueworks Live Training, TMR Space",FCL Timeline FC Sale - Level 3,Foreclosure Sale Tasks Executed,Complete Chronology in Default Workflow,default,,0.0,0.0,1375,,Foreclosure Attorney,6,6.049999999999999
"Blueworks Live Training, TMR Space",FCL Timeline FC Sale - Level 3,Foreclosure Sale Tasks Executed,Execute Foreclosure Sale/DIL GSE Reporting,default,,2.0,0.0,743,10 Minutes,Investor Reporting,6,6.059999999999999
"Blueworks Live Training, TMR Space",FCL Timeline FC Sale - Level 3,Foreclosure Sale Tasks Executed,Execute Foreclosure Post Sales Tasks,,,0.0,0.0,1055,,Foreclosure Attorney,6,6.0699999999999985
"Blueworks Live Training, TMR Space",FCL Timeline 3rd Party Post-Sale - Level 3,Sale Completed & Investor Notified,Enter Sale Results in Default Workflow System,,,0.0,0.0,538,,Foreclosure Attorney,1,1.01
"Blueworks Live Training, TMR Space",FCL Timeline 3rd Party Post-Sale - Level 3,Sale Completed & Investor Notified,Complete Post Sale Requirements,,,0.0,0.0,538,,Foreclosure Attorney,1,1.02
"Blueworks Live Training, TMR Space",FCL Timeline 3rd Party Post-Sale - Level 3,Sale Completed & Investor Notified,Notify Investor of 3rd Party Sale Held,yellow,DIS - Step Service,26.0,0.0,538,5 Minutes,Foreclosure Specialist,1,1.03
"Blueworks Live Training, TMR Space",FCL Timeline 3rd Party Post-Sale - Level 3,Post Sale BK & SCRA Search Completed,Update Loan System Message 85 & 29 Code,yellow,DIS - Step Service,26.0,0.0,538,3 Minutes,Foreclosure Specialist,2,2.01
"Blueworks Live Training, TMR Space",FCL Timeline 3rd Party Post-Sale - Level 3,Post Sale BK & SCRA Search Completed,Complete Post-Sale BK Check,,,0.0,0.0,527,,Foreclosure Attorney,2,2.0199999999999996
"Blueworks Live Training, TMR Space",FCL Timeline 3rd Party Post-Sale - Level 3,Post Sale BK & SCRA Search Completed,Complete Post-Sale SCRA Eligibility Review,default,,0.0,0.0,46,,Foreclosure Attorney,2,2.0299999999999994
"Blueworks Live Training, TMR Space",FCL Timeline 3rd Party Post-Sale - Level 3,Transfer Tasks Completed,Monitor Queue for Redemption Expiration,yellow,DIS - Step Service,26.0,0.0,263,3 Minutes,Foreclosure Specialist,3,3.01
"Blueworks Live Training, TMR Space",FCL Timeline 3rd Party Post-Sale - Level 3,Transfer Tasks Completed,Check for Redemption Period,,,0.0,0.0,527,,Foreclosure Attorney,3,3.0199999999999996
"Blueworks Live Training, TMR Space",FCL Timeline 3rd Party Post-Sale - Level 3,Transfer Tasks Completed,Report Expired Redemption Period,yellow,DIS - Step Service,0.0,0.0,263,,Foreclosure Attorney,3,3.0299999999999994
"Blueworks Live Training, TMR Space",FCL Timeline 3rd Party Post-Sale - Level 3,Transfer Tasks Completed,Monitor for Transfer of 3rd Party Funds Completion,,,26.0,0.0,527,5 Minutes,Foreclosure Specialist,3,3.039999999999999
"Blueworks Live Training, TMR Space",FCL Timeline 3rd Party Post-Sale - Level 3,Transfer Tasks Completed,Apply Funds,yellow,LSAMS Technology Enhancement,3.0,0.0,527,,Account Services,3,3.049999999999999
"Blueworks Live Training, TMR Space",FCL Timeline 3rd Party Post-Sale - Level 3,Transfer Tasks Completed,Confirm Funds Applied Correctly by Acct Svcs,,,26.0,0.0,527,5 Minutes,Foreclosure Specialist,3,3.0599999999999987
"Blueworks Live Training, TMR Space",FCL Timeline 3rd Party Post-Sale - Level 3,Transfer Tasks Completed,Remove Message Code 85,yellow,DIS - Step Service,26.0,0.0,527,2 Minutes,Foreclosure Specialist,3,3.0699999999999985
"Blueworks Live Training, TMR Space",FCL Timeline 3rd Party Post-Sale - Level 3,Transfer Tasks Completed,Apply Message Code 06,yellow,DIS - Step Service,26.0,0.0,157,2 Minutes,Foreclosure Specialist,3,3.0799999999999983
"Blueworks Live Training, TMR Space",FCL Timeline 3rd Party Post-Sale - Level 3,Transfer Tasks Completed,Confirm All Post-Sale Steps Complete,default,,26.0,0.0,527,5 Minutes,Foreclosure Specialist,3,3.089999999999998
"Blueworks Live Training, TMR Space",FCL Timeline 3rd Party Post-Sale - Level 3,Transfer Tasks Completed,Complete Process in Lender System,default,,26.0,0.0,527,1 Minutes,Foreclosure Specialist,3,3.099999999999998
"Blueworks Live Training, TMR Space",FCL Timeline FC Sale - Level 3,Scheduling Completed,Enter/Update Foreclosure Sale Date,yellow,DIS - Step Service,0.0,0.0,1078,1 Minutes,Foreclosure Attorney,1,1.01
"Blueworks Live Training, TMR Space",FCL Timeline FC Sale - Level 3,Scheduling Completed,Launch Bidding Instructions Rail,yellow,DIS - Step Service,0.0,0.0,2223,,LPS (Workflow) Vendor,1,1.02
"Blueworks Live Training, TMR Space",FCL Timeline FC Sale - Level 3,OCC Checklist Completed,Review Bid Report & Confirm Checklist,default,,2.0,0.0,2223,5 Minutes,Foreclosure Bid Team,2,2.01
"Blueworks Live Training, TMR Space",FCL Timeline FC Sale - Level 3,Bid Instructions Prepared,FHA CWCOT/Government Loan Decision,default,,2.0,0.0,2223,1 Minutes,Foreclosure Bid Team,3,3.01
"Blueworks Live Training, TMR Space",FCL Timeline FC Sale - Level 3,Bid Tasks Completed,Create non-GSE Bid Instructions per Guidelines,default,,2.0,0.0,7600,10 Minutes,Foreclosure Bid Team,4,4.01
"Blueworks Live Training, TMR Space",FCL Timeline FC Sale - Level 3,Bid Tasks Completed,Complete Bid Preparations,default,,2.0,0.0,2223,5 Minutes,Foreclosure Bid Team,4,4.02
"Blueworks Live Training, TMR Space",FCL Timeline FC Sale - Level 3,Bid Tasks Completed,Add BDCT Collection Code in Loan System,default,LSAMS Technology Enhancement,2.0,0.0,2223,2 Minutes,Foreclosure Bid Team,4,4.029999999999999
"Blueworks Live Training, TMR Space",FCL Timeline FC Sale - Level 3,Bid Tasks Completed,Create Bid Instr per CWCOT Matrix,default,,2.0,0.0,398,10 Minutes,Foreclosure Bid Team,4,4.039999999999999
"Blueworks Live Training, TMR Space",FCL Timeline FC Sale - Level 3,Bid Tasks Completed,Create GSE Bid Instructions per Investor Guidelines,default,,2.0,0.0,578,10 Minutes,Foreclosure Bid Team,4,4.049999999999999
"Blueworks Live Training, TMR Space",FCL Timeline FC Sale - Level 3,Lender System Updated,Upload Bid Instructions to Default Workflow,yellow,DIS - Step Service,2.0,0.0,2223,2 Minutes,Foreclosure Bid Team,5,5.01
"Blueworks Live Training, TMR Space",FCL Timeline FC Sale - Level 3,Lender System Updated,Add PRSL Code to Loan Sysem,default,LSAMS Technology Enhancement,2.0,0.0,226,2 Minutes,Foreclosure Bid Team,5,5.02
"Blueworks Live Training, TMR Space",FCL Timeline FC Sale - Level 3,Foreclosure Sale Tasks Executed,Request Title Update,,,0.0,0.0,1409,,Foreclosure Attorney,6,6.01
"Blueworks Live Training, TMR Space",FCL Timeline FC Sale - Level 3,Foreclosure Sale Tasks Executed,Complete Pre Sale BK Check,,,0.0,0.0,1409,,Foreclosure Attorney,6,6.02
"Blueworks Live Training, TMR Space",FCL Timeline FC Sale - Level 3,Foreclosure Sale Tasks Executed,Complete SCRA Sale Eligibility Review,,,0.0,0.0,1409,,Foreclosure Attorney,6,6.029999999999999
"Blueworks Live Training, TMR Space",FCL Timeline FC Sale - Level 3,Foreclosure Sale Tasks Executed,Enter Sale Results in Default Workflow,default,,0.0,0.0,1077,,Foreclosure Attorney,6,6.039999999999999
"Blueworks Live Training, TMR Space",FCL Timeline FC Sale - Level 3,Foreclosure Sale Tasks Executed,Complete Chronology in Default Workflow,default,,0.0,0.0,1375,,Foreclosure Attorney,6,6.049999999999999
"Blueworks Live Training, TMR Space",FCL Timeline FC Sale - Level 3,Foreclosure Sale Tasks Executed,Execute Foreclosure Sale/DIL GSE Reporting,default,,2.0,0.0,743,10 Minutes,Investor Reporting,6,6.059999999999999
"Blueworks Live Training, TMR Space",FCL Timeline FC Sale - Level 3,Foreclosure Sale Tasks Executed,Execute Foreclosure Post Sales Tasks,,,0.0,0.0,1055,,Foreclosure Attorney,6,6.0699999999999985
"Blueworks Live Training, TMR Space",FCL Timeline Judicial Proceeding - Level 3,Foreclosure Type Determined,Receive Referral File,,,0.0,0.0,463,,Foreclosure Attorney,1,1.01
"Blueworks Live Training, TMR Space",FCL Timeline Judicial Proceeding - Level 3,Foreclosure Type Determined,Execute Non-Judicial Foreclosure Tasks,default,,26.0,0.0,477,,Foreclosure Attorney,1,1.02
"Blueworks Live Training, TMR Space",FCL Timeline Judicial Proceeding - Level 3,Title Tasks Executed,Monitor Title for Delivery,,,0.0,0.0,463,24H,Foreclosure Attorney,2,2.01
"Blueworks Live Training, TMR Space",FCL Timeline Judicial Proceeding - Level 3,Title Tasks Executed,Execute Curative Title Tasks,,,2.0,0.0,44,,Curative Titles,2,2.0199999999999996
"Blueworks Live Training, TMR Space",FCL Timeline Judicial Proceeding - Level 3,1st Legal & Service Completed,Request Complaint Verification,,,0.0,0.0,463,,Foreclosure Attorney,3,3.01
"Blueworks Live Training, TMR Space",FCL Timeline Judicial Proceeding - Level 3,1st Legal & Service Completed,File Complaint (1st Legal Action),,,0.0,0.0,197,,Foreclosure Attorney,3,3.0199999999999996
"Blueworks Live Training, TMR Space",FCL Timeline Judicial Proceeding - Level 3,1st Legal & Service Completed,Serve Borrower (Service Complete),,,0.0,0.0,247,,Foreclosure Attorney,3,3.0299999999999994
"Blueworks Live Training, TMR Space",FCL Timeline Judicial Proceeding - Level 3,1st Legal & Service Completed,Execute Complaint Verification Tasks,,,19.0,0.0,463,135 Minutes,DocEx,3,3.039999999999999
"Blueworks Live Training, TMR Space",FCL Timeline Judicial Proceeding - Level 3,Judgment Completed,Request Judgement Figures,,,0.0,0.0,247,,Foreclosure Attorney,4,4.01
"Blueworks Live Training, TMR Space",FCL Timeline Judicial Proceeding - Level 3,Judgment Completed,Submit Judgement Package to Court,,,0.0,0.0,390,,Foreclosure Attorney,4,4.02
"Blueworks Live Training, TMR Space",FCL Timeline Judicial Proceeding - Level 3,Judgment Completed,Schedule Hearing,,,0.0,0.0,390,,Foreclosure Court,4,4.029999999999999
"Blueworks Live Training, TMR Space",FCL Timeline Judicial Proceeding - Level 3,Judgment Completed,Preside Over Hearing,,,0.0,0.0,390,,Foreclosure Court,4,4.039999999999999
"Blueworks Live Training, TMR Space",FCL Timeline Judicial Proceeding - Level 3,Judgment Completed,Render Decision,,,0.0,0.0,390,,Foreclosure Court,4,4.049999999999999
"Blueworks Live Training, TMR Space",FCL Timeline Judicial Proceeding - Level 3,Judgment Completed,Execute Judgment Figures/Affidavit of Indebtedness (AOI),,,19.0,0.0,247,135 Minutes,DocEx,4,4.059999999999999
"Blueworks Live Training, TMR Space",FCL Timeline Judicial Proceeding - Level 3,Foreclosure Completed,Review Decision For Next Steps,,,0.0,0.0,390,,Foreclosure Attorney,5,5.01
"Blueworks Live Training, TMR Space",FCL Timeline Judicial Proceeding - Level 3,Foreclosure Completed,Enter Decision (Judgment Entered),,,0.0,0.0,390,,Foreclosure Attorney,5,5.02
"Blueworks Live Training, TMR Space",FCL Timeline Judicial Proceeding - Level 3,Foreclosure Completed,Request Revised Judgment Package,,,0.0,0.0,,,Foreclosure Attorney,5,5.029999999999999
"Blueworks Live Training, TMR Space",FCL Timeline Judicial Proceeding - Level 3,Foreclosure Completed,Submit Revised Package to Court,,,0.0,0.0,,,Foreclosure Attorney,5,5.039999999999999
"Blueworks Live Training, TMR Space",FCL Timeline Judicial Proceeding - Level 3,Foreclosure Completed,Enter Scheduled Sale in Default Workflow,,,0.0,0.0,479,,Foreclosure Attorney,5,5.049999999999999
"Blueworks Live Training, TMR Space",FCL Timeline Judicial Proceeding - Level 3,Foreclosure Completed,Execute Revised AOI & Return to Attorney,,,19.0,0.0,390,135 Minutes,DocEx,5,5.059999999999999
"Blueworks Live Training, TMR Space",FCL Timeline Back to Beneficiary Post-Sale - Level 3,Post-Sale Requirements Completed,Enter Sale Results In Default Workflow System,,,0.0,0.0,539,,Foreclosure Attorney,1,1.01
"Blueworks Live Training, TMR Space",FCL Timeline Back to Beneficiary Post-Sale - Level 3,Post-Sale Requirements Completed,Complete Post Sale Requirements,,,0.0,0.0,539,,Foreclosure Attorney,1,1.02
"Blueworks Live Training, TMR Space",FCL Timeline Back to Beneficiary Post-Sale - Level 3,Post-Sale Requirements Completed,Transfer Asset to FNMA/FHLMC Inventory,,,2.0,0.0,372,10 Minutes,Investor Relations,1,1.03
"Blueworks Live Training, TMR Space",FCL Timeline Back to Beneficiary Post-Sale - Level 3,Post-Sale Requirements Completed,Complete Post-Sale BK Search,,,0.0,0.0,528,,Foreclosure Attorney,1,1.04
"Blueworks Live Training, TMR Space",FCL Timeline Back to Beneficiary Post-Sale - Level 3,Post-Sale Requirements Completed,Determine if SCRA Eligibility review Required,,,0.0,0.0,46,,Foreclosure Attorney,1,1.05
"Blueworks Live Training, TMR Space",FCL Timeline Back to Beneficiary Post-Sale - Level 3,Post-Sale Requirements Completed,Complete Post-Sale SCRA Search,default,,0.0,0.0,46,,Foreclosure Attorney,1,1.06
"Blueworks Live Training, TMR Space",FCL Timeline Back to Beneficiary Post-Sale - Level 3,Post-Sale Requirements Completed,Report Sale Results to Investor,default,,26.0,0.0,539,5 Minutes,Foreclosure Specialist,1,1.07
"Blueworks Live Training, TMR Space",FCL Timeline Back to Beneficiary Post-Sale - Level 3,Inventory Transfer Completed,Check for Redemption Period,,,26.0,0.0,270,,Foreclosure Attorney,2,2.01
"Blueworks Live Training, TMR Space",FCL Timeline Back to Beneficiary Post-Sale - Level 3,Inventory Transfer Completed,Apply Message Code 85,yellow,LSAMS Technology Enhancement|DIS - Step Service,26.0,0.0,270,2 Minutes,Foreclosure Specialist,2,2.0199999999999996
"Blueworks Live Training, TMR Space",FCL Timeline Back to Beneficiary Post-Sale - Level 3,Inventory Transfer Completed,Report Expired Redemption Period,,,0.0,0.0,270,,Foreclosure Attorney,2,2.0299999999999994
"Blueworks Live Training, TMR Space",FCL Timeline Back to Beneficiary Post-Sale - Level 3,Inventory Transfer Completed,Monitor Queue for Redemption Expiration,,,26.0,0.0,270,3 Minutes,Foreclosure Specialist,2,2.039999999999999
"Blueworks Live Training, TMR Space",FCL Timeline Back to Beneficiary Post-Sale - Level 3,Inventory Transfer Completed,Transfer to REO Inventoy,,,26.0,0.0,268,2 Minutes,Foreclosure Specialist,2,2.049999999999999
"Blueworks Live Training, TMR Space",FCL Timeline Back to Beneficiary Post-Sale - Level 3,Inventory Transfer Completed,Apply Code 06 & Remove 08 in Loan Systems,yellow,LSAMS Technology Enhancement|DIS - Step Service,26.0,0.0,268,2 Minutes,Foreclosure Specialist,2,2.0599999999999987
"Blueworks Live Training, TMR Space",FCL Timeline Back to Beneficiary Post-Sale - Level 3,Transfer Tasks Completed,Execute Property Preservation Tasks,,,28.0,12.0,538,,REO/Prop Pres,3,3.01
"Blueworks Live Training, TMR Space",FCL Timeline Back to Beneficiary Post-Sale - Level 3,Transfer Tasks Completed,Monitor for Deed Transfer Completion,yellow,DIS - Step Service,26.0,0.0,538,3 Minutes,Foreclosure Specialist,3,3.0199999999999996
"Blueworks Live Training, TMR Space",FCL Timeline Back to Beneficiary Post-Sale - Level 3,Transfer Tasks Completed,Confirm All Post-Sale Steps Are Complete,yellow,DIS - Step Service|LSAMS Technology Enhancement,26.0,0.0,538,5 Minutes,Foreclosure Specialist,3,3.0299999999999994
"Blueworks Live Training, TMR Space",FCL Timeline Back to Beneficiary Post-Sale - Level 3,Transfer Tasks Completed,Ensure Process Completed in Default Workflow,yellow,DIS - Step Service,26.0,0.0,538,1 Minutes,Foreclosure Specialist,3,3.039999999999999
"Blueworks Live Training, TMR Space",FCL Timeline Back to Beneficiary Post-Sale - Level 3,Transfer Tasks Completed,Apply Message Code 06,yellow,LSAMS Technology Enhancement|DIS - Step Service,26.0,0.0,358,2 Minutes,Foreclosure Specialist,3,3.049999999999999
"Blueworks Live Training, TMR Space",FCL Timeline Back to Beneficiary Post-Sale - Level 3,Transfer Tasks Completed,Remove Code 08 and 85,yellow,LSAMS Technology Enhancement|DIS - Step Service,26.0,0.0,538,2 Minutes,Foreclosure Specialist,3,3.0599999999999987
"Blueworks Live Training, TMR Space",FCL Timeline Back to Beneficiary Post-Sale - Level 3,Transfer Tasks Completed,Transfer to REO Inventory,,,26.0,0.0,538,1 Minutes,Foreclosure Specialist,3,3.0699999999999985
"Blueworks Live Training, TMR Space",Foreclosure Referral - Level 3,Default Referral Reports Reviewed,Review Default Reporting Referral Waterfall,default,,0.0,0.0,3085,,FCL Referral (Onshore),1,1.01
"Blueworks Live Training, TMR Space",Foreclosure Referral - Level 3,Default Referral Reports Reviewed,Review Manual Referral List,yellow,DIS - Referral Service,0.0,3.0,24,10 Minutes,TCS Offshore,1,1.02
"Blueworks Live Training, TMR Space",Foreclosure Referral - Level 3,Default Referral Reports Reviewed,Upload Referral to Default Workflow System,yellow,DIS - Referral Service,0.0,0.0,2517,,LPS,1,1.03
"Blueworks Live Training, TMR Space",Foreclosure Referral - Level 3,Default Workflow Entry Completed,Open Manual Referral Tool in Default Workflow,yellow,DIS - Referral Service,0.0,3.0,200,1 Minutes,TCS Offshore,2,2.01
"Blueworks Live Training, TMR Space",Foreclosure Referral - Level 3,Loan System of Record Data Gathered,Post Loan # in System of Record (SOR),yellow,DIS - Referral Service,0.0,3.0,200,1 Minutes,TCS Offshore,3,3.01
"Blueworks Live Training, TMR Space",Foreclosure Referral - Level 3,Loan System of Record Data Gathered,Update LSAMS Data into LPS Referral Tool,yellow,DIS - Referral Service,0.0,3.0,568,21.800000000000000710542735760100185871124267578125 Minutes,TCS Offshore,3,3.0199999999999996
"Blueworks Live Training, TMR Space",Foreclosure Referral - Level 3,Lender Servicing System Updated,Manually Refer Loan to Foreclosure,yellow,DIS - Referral Service,0.0,3.0,200,1 Minutes,TCS Offshore,4,4.01
"Blueworks Live Training, TMR Space",Foreclosure Referral - Level 3,Lender Servicing System Updated,Launch Main FCL Rail (Default Workflow),yellow,DIS - Referral Service,0.0,0.0,3085,,LPS,4,4.02
"Blueworks Live Training, TMR Space",Foreclosure Referral - Level 3,Lender Servicing System Updated,Upload Referral Letter & FCL Snapshot,yellow,DIS - Step Service,1.0,0.0,2070,3 Minutes,FCL Referral (Onshore),4,4.029999999999999
"Blueworks Live Training, TMR Space",Foreclosure Referral - Level 3,Lender Servicing System Updated,Complete Step 1 of Main FCL Rail,yellow,DIS - Step Service,1.0,0.0,2070,6.4000000000000003552713678800500929355621337890625 Minutes,FCL Referral (Onshore),4,4.039999999999999
"Blueworks Live Training, TMR Space",Foreclosure Referral - Level 3,Documents and Checklists Processed,Launch Referral Process Checklist (Default Workflow),yellow,DIS - Step Service,0.0,0.0,2070,1D,LPS,5,5.01
"Blueworks Live Training, TMR Space",Foreclosure Referral - Level 3,Documents and Checklists Processed,Upload Reinstatement & Payoff Quotes,yellow,DIS - Step Service,1.0,0.0,3085,3 Minutes,FCL Referral (Onshore),5,5.02
"Blueworks Live Training, TMR Space",Foreclosure Referral - Level 3,Documents and Checklists Processed,Validate Referral Document Uploads (Default Workflow),yellow,DIS - Step Service,1.0,0.0,3085,2 Minutes,FCL Referral (Onshore),5,5.029999999999999
"Blueworks Live Training, TMR Space",Foreclosure Referral - Level 3,Documents and Checklists Processed,Complete Referral Process Checklist Step 1,yellow,DIS - Step Service,1.0,0.0,2070,6.20000000000000017763568394002504646778106689453125 Minutes,FCL Referral (Onshore),5,5.039999999999999
"Blueworks Live Training, TMR Space",Foreclosure Referral - Level 3,Documents and Checklists Processed,Execute Doc Sweep to Gather Required Docs,yellow,DIS - Step Service,0.0,0.0,2070,,LPS,5,5.049999999999999
"Blueworks Live Training, TMR Space",Foreclosure Referral - Level 3,Documents and Checklists Processed,Confirm Docs in DDF or Identify Missing Docs,yellow,DIS - Step Service,1.0,0.0,2070,6.20000000000000017763568394002504646778106689453125 Minutes,FCL Referral (Onshore),5,5.059999999999999
"Blueworks Live Training, TMR Space",Foreclosure Referral - Level 3,Documents and Checklists Processed,Validate DDF Uploads Complete in Default Workflow,yellow,DIS - Data Form Service,1.0,0.0,2070,2 Minutes,FCL Referral (Onshore),5,5.0699999999999985
"Blueworks Live Training, TMR Space",Foreclosure Referral - Level 3,Documents and Checklists Processed,Complete Referral Process Checklist Step 2,yellow,DIS - Step Service,1.0,0.0,2070,1 Minutes,FCL Referral (Onshore),5,5.079999999999998
"Blueworks Live Training, TMR Space",Foreclosure Referral - Level 3,Documents and Checklists Processed,Acknowledge & Accept File Referral,,,0.0,0.0,3085,1D,FCL Counsel,5,5.089999999999998
"Blueworks Live Training, TMR Space",Foreclosure Referral - Level 3,Documents and Checklists Processed,Takeover Foreclosure Management,,,26.0,0.0,3085,,FCL Timeline,5,5.099999999999998
"Blueworks Live Training, TMR Space",FCL FHA CWCOT Appraisal - Level 3,Appraisal Tasks Completed,Enter APP1 to Order FHA Appraisal,yellow,DIS - Step Service,2.0,0.0,241,1 Minutes,Foreclosure CWCOT Team,1,1.01
"Blueworks Live Training, TMR Space",FCL FHA CWCOT Appraisal - Level 3,Appraisal Tasks Completed,Launch FHA Appraisal in Default Workflow,yellow,DIS - Step Service,2.0,0.0,241,1 Minutes,Foreclosure CWCOT Team,1,1.02
"Blueworks Live Training, TMR Space",FCL FHA CWCOT Appraisal - Level 3,Appraisal Tasks Completed,Forward Appraisal to Internal Vendor,yellow,DIS - Step Service,2.0,0.0,241,1 Minutes,Foreclosure CWCOT Team,1,1.03
"Blueworks Live Training, TMR Space",FCL FHA CWCOT Appraisal - Level 3,Appraisal Tasks Completed,Transmit Appraisal to External Vendor,,,0.0,0.0,241,,Appraisal Vendor,1,1.04
"Blueworks Live Training, TMR Space",FCL FHA CWCOT Appraisal - Level 3,Appraisal Tasks Completed,Receive External Appraisal,,,0.0,0.0,241,,Appraisal Vendor,1,1.05
"Blueworks Live Training, TMR Space",FCL FHA CWCOT Appraisal - Level 3,Appraisal Tasks Completed,Send Appraisal to NSM,,,0.0,0.0,241,,Appraisal Vendor,1,1.06
"Blueworks Live Training, TMR Space",FCL FHA CWCOT Appraisal - Level 3,Appraisal Tasks Completed,Receive Appraisal Received from Internal Vendor,yellow,DIS - Step Service,2.0,0.0,241,6 Minutes,Foreclosure CWCOT Team,1,1.07
"Blueworks Live Training, TMR Space",FCL FHA CWCOT Appraisal - Level 3,Appraisal Tasks Completed,Enter Code APP2 for Appraisal Received,yellow,DIS - Step Service,2.0,0.0,241,2 Minutes,Foreclosure CWCOT Team,1,1.08
"Blueworks Live Training, TMR Space",FCL FHA CWCOT Appraisal - Level 3,Lending System Updated,Upload Appraisal to Default Workflow,yellow,DIS - Step Service,2.0,0.0,241,2 Minutes,Foreclosure CWCOT Team,2,2.01
"Blueworks Live Training, TMR Space",FCL FHA CWCOT Appraisal - Level 3,Foreclosure Bid Process Executed,Execute Foreclosure Sale Bid Process,,,2.0,0.0,241,,Foreclosure Bid Team,3,3.01
"Blueworks Live Training, TMR Space",FCL FHA CWCOT Appraisal - Level 3,Foreclosure Sale Process Executed,Complete Foreclosure Sale,,,26.0,0.0,241,,Foreclosure CWCOT Team,4,4.01
"Blueworks Live Training, TMR Space",FCL FHA CWCOT Appraisal - Level 3,Foreclosure Sale Process Executed,FHA Back-to-Beneficiary Sale Result,,,2.0,0.0,109,,Foreclosure CWCOT Team,4,4.02
"Blueworks Live Training, TMR Space",FCL FHA CWCOT Appraisal - Level 3,Foreclosure Sale Process Executed,FHA 3rd Party Sale Result,,,2.0,0.0,132,,Foreclosure CWCOT Team,4,4.029999999999999
"Blueworks Live Training, TMR Space",FCL Timeline Back to Beneficiary Post-Sale - Level 3,Post-Sale Requirements Completed,Enter Sale Results In Default Workflow System,,,0.0,0.0,539,,Foreclosure Attorney,1,1.01
"Blueworks Live Training, TMR Space",FCL Timeline Back to Beneficiary Post-Sale - Level 3,Post-Sale Requirements Completed,Complete Post Sale Requirements,,,0.0,0.0,539,,Foreclosure Attorney,1,1.02
"Blueworks Live Training, TMR Space",FCL Timeline Back to Beneficiary Post-Sale - Level 3,Post-Sale Requirements Completed,Transfer Asset to FNMA/FHLMC Inventory,yellow,DIS - Step Service,2.0,0.0,372,10 Minutes,Investor Relations,1,1.03
"Blueworks Live Training, TMR Space",FCL Timeline Back to Beneficiary Post-Sale - Level 3,Post-Sale Requirements Completed,Report Sale Results to Investor,yellow,DIS - Step Service,26.0,0.0,539,5 Minutes,Foreclosure Specialist,1,1.04
"Blueworks Live Training, TMR Space",FCL Timeline Back to Beneficiary Post-Sale - Level 3,Post-Sale Requirements Completed,Complete Post-Sale BK Search,,,0.0,0.0,528,,Foreclosure Attorney,1,1.05
"Blueworks Live Training, TMR Space",FCL Timeline Back to Beneficiary Post-Sale - Level 3,Post-Sale Requirements Completed,Determine if SCRA Eligibility review Required,,,0.0,0.0,46,,Foreclosure Attorney,1,1.06
"Blueworks Live Training, TMR Space",FCL Timeline Back to Beneficiary Post-Sale - Level 3,Post-Sale Requirements Completed,Complete Post-Sale SCRA Search,default,,0.0,0.0,46,,Foreclosure Attorney,1,1.07
"Blueworks Live Training, TMR Space",FCL Timeline Back to Beneficiary Post-Sale - Level 3,Inventory Transfer Completed,Check for Redemption Period,,,26.0,0.0,270,,Foreclosure Attorney,2,2.01
"Blueworks Live Training, TMR Space",FCL Timeline Back to Beneficiary Post-Sale - Level 3,Inventory Transfer Completed,Apply Message Code 85,yellow,LSAMS Technology Enhancement|DIS - Step Service,26.0,0.0,270,2 Minutes,Foreclosure Specialist,2,2.0199999999999996
"Blueworks Live Training, TMR Space",FCL Timeline Back to Beneficiary Post-Sale - Level 3,Inventory Transfer Completed,Report Expired Redemption Period,yellow,DIS - Step Service,0.0,0.0,270,,Foreclosure Attorney,2,2.0299999999999994
"Blueworks Live Training, TMR Space",FCL Timeline Back to Beneficiary Post-Sale - Level 3,Inventory Transfer Completed,Monitor Queue for Redemption Expiration,yellow,DIS - Step Service,26.0,0.0,270,3 Minutes,Foreclosure Specialist,2,2.039999999999999
"Blueworks Live Training, TMR Space",FCL Timeline Back to Beneficiary Post-Sale - Level 3,Inventory Transfer Completed,Transfer to REO Inventoy,yellow,DIS - Step Service,26.0,0.0,268,2 Minutes,Foreclosure Specialist,2,2.049999999999999
"Blueworks Live Training, TMR Space",FCL Timeline Back to Beneficiary Post-Sale - Level 3,Transfer Tasks Completed,Execute Property Preservation Tasks,,,28.0,12.0,538,,REO/Prop Pres,3,3.01
"Blueworks Live Training, TMR Space",FCL Timeline Back to Beneficiary Post-Sale - Level 3,Transfer Tasks Completed,Monitor for Deed Transfer Completion,yellow,DIS - Step Service,26.0,0.0,538,3 Minutes,Foreclosure Specialist,3,3.0199999999999996
"Blueworks Live Training, TMR Space",FCL Timeline Back to Beneficiary Post-Sale - Level 3,Transfer Tasks Completed,Confirm All Post-Sale Steps Are Complete,yellow,DIS - Step Service,26.0,0.0,538,5 Minutes,Foreclosure Specialist,3,3.0299999999999994
"Blueworks Live Training, TMR Space",FCL Timeline Back to Beneficiary Post-Sale - Level 3,Transfer Tasks Completed,Ensure Process Completed in Default Workflow,yellow,DIS - Step Service,26.0,0.0,538,1 Minutes,Foreclosure Specialist,3,3.039999999999999
"Blueworks Live Training, TMR Space",FCL Timeline Back to Beneficiary Post-Sale - Level 3,Transfer Tasks Completed,Apply Message Code 06,yellow,DIS - Step Service,26.0,0.0,358,2 Minutes,Foreclosure Specialist,3,3.049999999999999
"Blueworks Live Training, TMR Space",FCL Timeline Back to Beneficiary Post-Sale - Level 3,Transfer Tasks Completed,Remove Code 08 and 85,yellow,DIS - Step Service,26.0,0.0,538,2 Minutes,Foreclosure Specialist,3,3.0599999999999987
"Blueworks Live Training, TMR Space",FCL Timeline Back to Beneficiary Post-Sale - Level 3,Transfer Tasks Completed,Transfer to REO Inventory,,,26.0,0.0,538,1 Minutes,Foreclosure Specialist,3,3.0699999999999985
"Blueworks Live Training, TMR Space",FCL Timeline 3rd Party Post-Sale - Level 3,Sale Completed & Investor Notified,Enter Sale Results in Default Workflow System,,,0.0,0.0,538,,Foreclosure Attorney,1,1.01
"Blueworks Live Training, TMR Space",FCL Timeline 3rd Party Post-Sale - Level 3,Sale Completed & Investor Notified,Complete Post Sale Requirements,,,0.0,0.0,538,,Foreclosure Attorney,1,1.02
"Blueworks Live Training, TMR Space",FCL Timeline 3rd Party Post-Sale - Level 3,Sale Completed & Investor Notified,Notify Investor of 3rd Party Sale Held,yellow,DIS - Step Service,26.0,0.0,538,5 Minutes,Foreclosure Specialist,1,1.03
"Blueworks Live Training, TMR Space",FCL Timeline 3rd Party Post-Sale - Level 3,Post Sale BK & SCRA Search Completed,Update Loan System Message 85 & 29 Code,yellow,DIS - Step Service,26.0,0.0,538,3 Minutes,Foreclosure Specialist,2,2.01
"Blueworks Live Training, TMR Space",FCL Timeline 3rd Party Post-Sale - Level 3,Post Sale BK & SCRA Search Completed,Complete Post-Sale BK Check,,,0.0,0.0,527,,Foreclosure Attorney,2,2.0199999999999996
"Blueworks Live Training, TMR Space",FCL Timeline 3rd Party Post-Sale - Level 3,Post Sale BK & SCRA Search Completed,Complete Post-Sale SCRA Eligibility Review,default,,0.0,0.0,46,3 Minutes,Foreclosure Attorney,2,2.0299999999999994
"Blueworks Live Training, TMR Space",FCL Timeline 3rd Party Post-Sale - Level 3,Transfer Tasks Completed,Monitor Queue for Redemption Expiration,yellow,DIS - Step Service,26.0,0.0,263,3 Minutes,Foreclosure Specialist,3,3.01
"Blueworks Live Training, TMR Space",FCL Timeline 3rd Party Post-Sale - Level 3,Transfer Tasks Completed,Check for Redemption Period,,,0.0,0.0,527,,Foreclosure Attorney,3,3.0199999999999996
"Blueworks Live Training, TMR Space",FCL Timeline 3rd Party Post-Sale - Level 3,Transfer Tasks Completed,Report Expired Redemption Period,yellow,DIS - Step Service,0.0,0.0,263,,Foreclosure Attorney,3,3.0299999999999994
"Blueworks Live Training, TMR Space",FCL Timeline 3rd Party Post-Sale - Level 3,Transfer Tasks Completed,Monitor for Transfer of 3rd Party Funds Completion,,,26.0,0.0,527,5 Minutes,Foreclosure Specialist,3,3.039999999999999
"Blueworks Live Training, TMR Space",FCL Timeline 3rd Party Post-Sale - Level 3,Transfer Tasks Completed,Apply Funds,yellow,LSAMS Technology Enhancement,3.0,0.0,527,,Account Services,3,3.049999999999999
"Blueworks Live Training, TMR Space",FCL Timeline 3rd Party Post-Sale - Level 3,Transfer Tasks Completed,Confirm Funds Applied Correctly by Acct Svcs,,,26.0,0.0,527,5 Minutes,Foreclosure Specialist,3,3.0599999999999987
"Blueworks Live Training, TMR Space",FCL Timeline 3rd Party Post-Sale - Level 3,Transfer Tasks Completed,Remove Message Code 85,yellow,DIS - Step Service,26.0,0.0,527,2 Minutes,Foreclosure Specialist,3,3.0699999999999985
"Blueworks Live Training, TMR Space",FCL Timeline 3rd Party Post-Sale - Level 3,Transfer Tasks Completed,Apply Message Code 06,yellow,DIS - Step Service,26.0,0.0,157,2 Minutes,Foreclosure Specialist,3,3.0799999999999983
"Blueworks Live Training, TMR Space",FCL Timeline 3rd Party Post-Sale - Level 3,Transfer Tasks Completed,Confirm All Post-Sale Steps Complete,default,,26.0,0.0,527,5 Minutes,Foreclosure Specialist,3,3.089999999999998
"Blueworks Live Training, TMR Space",FCL Timeline 3rd Party Post-Sale - Level 3,Transfer Tasks Completed,Complete Process in Lender System,default,,26.0,0.0,527,1 Minutes,Foreclosure Specialist,3,3.099999999999998
"Blueworks Live Training, TMR Space",FCL Timeline Back to Beneficiary Post-Sale - Level 3,Post-Sale Requirements Completed,Enter Sale Results In Default Workflow System,,,0.0,0.0,539,,Foreclosure Attorney,1,1.01
"Blueworks Live Training, TMR Space",FCL Timeline Back to Beneficiary Post-Sale - Level 3,Post-Sale Requirements Completed,Complete Post Sale Requirements,,,0.0,0.0,539,,Foreclosure Attorney,1,1.02
"Blueworks Live Training, TMR Space",FCL Timeline Back to Beneficiary Post-Sale - Level 3,Post-Sale Requirements Completed,Transfer Asset to FNMA/FHLMC Inventory,yellow,DIS - Step Service,2.0,0.0,372,10 Minutes,Investor Relations,1,1.03
"Blueworks Live Training, TMR Space",FCL Timeline Back to Beneficiary Post-Sale - Level 3,Post-Sale Requirements Completed,Report Sale Results to Investor,yellow,DIS - Step Service,26.0,0.0,539,5 Minutes,Foreclosure Specialist,1,1.04
"Blueworks Live Training, TMR Space",FCL Timeline Back to Beneficiary Post-Sale - Level 3,Post-Sale Requirements Completed,Complete Post-Sale BK Search,,,0.0,0.0,528,,Foreclosure Attorney,1,1.05
"Blueworks Live Training, TMR Space",FCL Timeline Back to Beneficiary Post-Sale - Level 3,Post-Sale Requirements Completed,Determine if SCRA Eligibility review Required,,,0.0,0.0,46,,Foreclosure Attorney,1,1.06
"Blueworks Live Training, TMR Space",FCL Timeline Back to Beneficiary Post-Sale - Level 3,Post-Sale Requirements Completed,Complete Post-Sale SCRA Search,default,,0.0,0.0,46,,Foreclosure Attorney,1,1.07
"Blueworks Live Training, TMR Space",FCL Timeline Back to Beneficiary Post-Sale - Level 3,Inventory Transfer Completed,Check for Redemption Period,,,26.0,0.0,270,,Foreclosure Attorney,2,2.01
"Blueworks Live Training, TMR Space",FCL Timeline Back to Beneficiary Post-Sale - Level 3,Inventory Transfer Completed,Apply Message Code 85,yellow,LSAMS Technology Enhancement|DIS - Step Service,26.0,0.0,270,2 Minutes,Foreclosure Specialist,2,2.0199999999999996
"Blueworks Live Training, TMR Space",FCL Timeline Back to Beneficiary Post-Sale - Level 3,Inventory Transfer Completed,Report Expired Redemption Period,yellow,DIS - Step Service,0.0,0.0,270,,Foreclosure Attorney,2,2.0299999999999994
"Blueworks Live Training, TMR Space",FCL Timeline Back to Beneficiary Post-Sale - Level 3,Inventory Transfer Completed,Monitor Queue for Redemption Expiration,yellow,DIS - Step Service,26.0,0.0,270,3 Minutes,Foreclosure Specialist,2,2.039999999999999
"Blueworks Live Training, TMR Space",FCL Timeline Back to Beneficiary Post-Sale - Level 3,Inventory Transfer Completed,Transfer to REO Inventoy,yellow,DIS - Step Service,26.0,0.0,268,2 Minutes,Foreclosure Specialist,2,2.049999999999999
"Blueworks Live Training, TMR Space",FCL Timeline Back to Beneficiary Post-Sale - Level 3,Transfer Tasks Completed,Execute Property Preservation Tasks,,,28.0,12.0,538,,REO/Prop Pres,3,3.01
"Blueworks Live Training, TMR Space",FCL Timeline Back to Beneficiary Post-Sale - Level 3,Transfer Tasks Completed,Monitor for Deed Transfer Completion,yellow,DIS - Step Service,26.0,0.0,538,3 Minutes,Foreclosure Specialist,3,3.0199999999999996
"Blueworks Live Training, TMR Space",FCL Timeline Back to Beneficiary Post-Sale - Level 3,Transfer Tasks Completed,Confirm All Post-Sale Steps Are Complete,yellow,DIS - Step Service,26.0,0.0,538,5 Minutes,Foreclosure Specialist,3,3.0299999999999994
"Blueworks Live Training, TMR Space",FCL Timeline Back to Beneficiary Post-Sale - Level 3,Transfer Tasks Completed,Ensure Process Completed in Default Workflow,yellow,DIS - Step Service,26.0,0.0,538,1 Minutes,Foreclosure Specialist,3,3.039999999999999
"Blueworks Live Training, TMR Space",FCL Timeline Back to Beneficiary Post-Sale - Level 3,Transfer Tasks Completed,Apply Message Code 06,yellow,DIS - Step Service,26.0,0.0,358,2 Minutes,Foreclosure Specialist,3,3.049999999999999
"Blueworks Live Training, TMR Space",FCL Timeline Back to Beneficiary Post-Sale - Level 3,Transfer Tasks Completed,Remove Code 08 and 85,yellow,DIS - Step Service,26.0,0.0,538,2 Minutes,Foreclosure Specialist,3,3.0599999999999987
"Blueworks Live Training, TMR Space",FCL Timeline Back to Beneficiary Post-Sale - Level 3,Transfer Tasks Completed,Transfer to REO Inventory,,,26.0,0.0,538,1 Minutes,Foreclosure Specialist,3,3.0699999999999985
"Blueworks Live Training, TMR Space",Foreclosure Process - Level 1,Demand Tasks Completed,Complete Demand Tasks,,,0.0,0.0,,,Default Servicing Team,1,1.01
"Blueworks Live Training, TMR Space",Foreclosure Process - Level 1,Referral Tasks Completed,Complete Referral Tasks,,,0.0,0.0,,,Default Servicing Team,2,2.01
"Blueworks Live Training, TMR Space",Foreclosure Process - Level 1,Title Tasks Completed,Complete Title Tasks,blue,,0.0,0.0,,,Default Servicing Team,3,3.01
"Blueworks Live Training, TMR Space",Foreclosure Process - Level 1,Document Tasks Completed,Complete DocEx Tasks,blue,,0.0,0.0,,,Default Servicing Team,4,4.01
"Blueworks Live Training, TMR Space",Foreclosure Process - Level 1,Foreclosure Process Completed,Complete Foreclosure Proceeding Tasks,blue,,0.0,0.0,,,Default Servicing Team,5,5.01
"Blueworks Live Training, TMR Space",Foreclosure Process - Level 1,Foreclosure Sale Concluded,Complete Foreclosure Sale,blue,,0.0,0.0,,,Default Servicing Team,6,6.01
"Blueworks Live Training, TMR Space",Foreclosure Process - Level 1,Post-Sale Processing Tasks Completed,Complete Post-Sale Tasks,blue,,0.0,0.0,,,Default Servicing Team,7,7.01
"Blueworks Live Training, TMR Space",Foreclosure Process - Level 1,Post-Sale Processing Tasks Completed,Complete 2nd Chance Process,,,0.0,0.0,,,Default Servicing Team,7,7.02
"Blueworks Live Training, TMR Space",FCL FHA 3rd Party Post-Sale - Level 3,Foreclosure Sale Completed,Attend Foreclosure Sale,,,0.0,0.0,132,,Foreclosure Attorney,1,1.01
"Blueworks Live Training, TMR Space",FCL FHA 3rd Party Post-Sale - Level 3,Foreclosure Sale Completed,Document Sale Result in Default Workflow,yellow,DIS - Step Service,0.0,0.0,132,,Foreclosure Attorney,1,1.02
"Blueworks Live Training, TMR Space",FCL FHA 3rd Party Post-Sale - Level 3,Foreclosure Sale Completed,Complete Required Post-Sale Actions,,,0.0,0.0,132,,Foreclosure Attorney,1,1.03
"Blueworks Live Training, TMR Space",FCL FHA 3rd Party Post-Sale - Level 3,Foreclosure Sale Completed,Complete Notify Investor Step of Main FCL Rail,yellow,DIS - Step Service,2.0,0.0,132,2 Minutes,CWCOT/2nd Chance Team,1,1.04
"Blueworks Live Training, TMR Space",FCL FHA 3rd Party Post-Sale - Level 3,FHA 3rd Party Post-Sale Initiated,Complete Sale Confirmation in Default Workflow,,,2.0,0.0,132,1 Minutes,CWCOT/2nd Chance Team,2,2.01
"Blueworks Live Training, TMR Space",FCL FHA 3rd Party Post-Sale - Level 3,FHA 3rd Party Post-Sale Initiated,Enter Collection Code SCWC in SOR,yellow,DIS - Step Service,2.0,0.0,132,1 Minutes,CWCOT/2nd Chance Team,2,2.0199999999999996
"Blueworks Live Training, TMR Space",FCL FHA 3rd Party Post-Sale - Level 3,FHA 3rd Party Post-Sale Initiated,Apply Msg Codes 85 & 29 in SOR (Funds Transfer),yellow,DIS - Step Service,2.0,0.0,132,2 Minutes,CWCOT/2nd Chance Team,2,2.0299999999999994
"Blueworks Live Training, TMR Space",FCL FHA 3rd Party Post-Sale - Level 3,FHA 3rd Party Post-Sale Initiated,Monitor for Redemption Expiration,yellow,DIS - Step Service,2.0,0.0,65,3 Minutes,CWCOT/2nd Chance Team,2,2.039999999999999
"Blueworks Live Training, TMR Space",FCL FHA 3rd Party Post-Sale - Level 3,FHA 3rd Party Post-Sale Initiated,Review Sale Result,,,2.0,0.0,23,2 Minutes,CWCOT/2nd Chance Team,2,2.049999999999999
"Blueworks Live Training, TMR Space",FCL FHA 3rd Party Post-Sale - Level 3,FHA 3rd Party Post-Sale Initiated,Enter Collection Code 3PTY in SOR (No Claim),yellow,DIS - Step Service,2.0,0.0,11,1 Minutes,CWCOT/2nd Chance Team,2,2.0599999999999987
"Blueworks Live Training, TMR Space",FCL FHA 3rd Party Post-Sale - Level 3,FHA 3rd Party Post-Sale Initiated,Transfer to Prep & Convey to HUD sub-process,,,2.0,0.0,12,11 Minutes,CWCOT/2nd Chance Team,2,2.0699999999999985
"Blueworks Live Training, TMR Space",FCL FHA 3rd Party Post-Sale - Level 3,FHA 3rd Party Post-Sale Completed,Report Redemption Period Expiration,yellow,DIS - Step Service,0.0,0.0,65,,Foreclosure Attorney,3,3.01
"Blueworks Live Training, TMR Space",FCL FHA 3rd Party Post-Sale - Level 3,FHA 3rd Party Post-Sale Completed,Monitor for Transfer of Funds,yellow,DIS - Step Service,2.0,0.0,132,5D,CWCOT/2nd Chance Team,3,3.0199999999999996
"Blueworks Live Training, TMR Space",FCL FHA 3rd Party Post-Sale - Level 3,FHA 3rd Party Post-Sale Completed,Confirm Funds Received,default,,2.0,0.0,132,5D,CWCOT/2nd Chance Team,3,3.0299999999999994
"Blueworks Live Training, TMR Space",FCL FHA 3rd Party Post-Sale - Level 3,FHA 3rd Party Post-Sale Completed,Apply 3rd Party Funds,,,3.0,0.0,132,,Account Services,3,3.039999999999999
"Blueworks Live Training, TMR Space",FCL FHA 3rd Party Post-Sale - Level 3,FHA 3rd Party Post-Sale Completed,Confirm Funds Correctly Applied by Acct Svcs,yellow,DIS - Step Service,2.0,0.0,132,5D,CWCOT/2nd Chance Team,3,3.049999999999999
"Blueworks Live Training, TMR Space",FCL FHA 3rd Party Post-Sale - Level 3,FHA 3rd Party Post-Sale Completed,Add Message Codes 06 & 29 in SOR,yellow,DIS - Step Service,2.0,0.0,132,2 Minutes,CWCOT/2nd Chance Team,3,3.0599999999999987
"Blueworks Live Training, TMR Space",FCL FHA 3rd Party Post-Sale - Level 3,FHA 3rd Party Post-Sale Completed,Remove Message Codes 08 & 85 from SOR,yellow,DIS - Step Service,2.0,0.0,132,2 Minutes,CWCOT/2nd Chance Team,3,3.0699999999999985
"Blueworks Live Training, TMR Space",Attorney Initiated Reinstatement Quote - Level 3,Reinstatement Request Received,Borrower Correspondence Received,,Web Service - Loan to Legal System|Legal System - email Client,4.0,2.0,1594,56 Minutes,Foreclosure Attorney,1,1.01
"Blueworks Live Training, TMR Space",Attorney Initiated Reinstatement Quote - Level 3,Reinstatement Request Received,Launch Reinstatement Request rail in LPS,,,0.0,0.0,1594,,Foreclosure Attorney,1,1.02
"Blueworks Live Training, TMR Space",Attorney Initiated Reinstatement Quote - Level 3,Reinstatement Quote Created,Update Door 80 with Fees & Costs,yellow,LSAMS Technology Enhancement,4.0,0.0,1594,0.5 Minutes,Foreclosure Analyst,2,2.01
"Blueworks Live Training, TMR Space",Attorney Initiated Reinstatement Quote - Level 3,Reinstatement Quote Created,Create Reinstatement Quote in Door 103,yellow,LSAMS Technology Enhancement,4.0,0.0,1594,1 Minutes,Foreclosure Analyst,2,2.0199999999999996
"Blueworks Live Training, TMR Space",Attorney Initiated Reinstatement Quote - Level 3,Reinstatement Quote Created,Complete Fee/Escrow Breakdown Template,yellow,Other - Internal,4.0,0.0,1594,3 Minutes,Foreclosure Analyst,2,2.0299999999999994
"Blueworks Live Training, TMR Space",Attorney Initiated Reinstatement Quote - Level 3,Reinstatement Quote Sent,Upload Reinstatement & Template to LPS,yellow,Other - Internal,4.0,0.0,1594,0.5 Minutes,Foreclosure Analyst,3,3.01
"Blueworks Live Training, TMR Space",Attorney Initiated Reinstatement Quote - Level 3,Reinstatement Quote Sent,Complete Step 2 of Reinstatement Request rail in LPS,yellow,DIS - Step Service,4.0,0.0,1594,0.5 Minutes,Foreclosure Analyst,3,3.0199999999999996
"Blueworks Live Training, TMR Space",Attorney Initiated Reinstatement Quote - Level 3,Reinstatement Quote Sent,Review Quote and remove any fees/costs that are not recoverable,,,0.0,0.0,,,Foreclosure Attorney,3,3.0299999999999994
"Blueworks Live Training, TMR Space",Attorney Initiated Reinstatement Quote - Level 3,Reinstatement Quote Sent,Complete Step 3 of Reinstatement Rail in LPS,,,0.0,0.0,,,Foreclosure Attorney,3,3.039999999999999
"Blueworks Live Training, TMR Space",Attorney Initiated Reinstatement Quote - Level 3,Reinstatement Quote Sent,Disseminate information to Borrower,,,0.0,0.0,,,Foreclosure Attorney,3,3.049999999999999
"Blueworks Live Training, TMR Space",FCL Timeline Non-Judicial Quasi Proceeding - Level 3,Foreclosure Type Determined,Receive Referral File,,,0.0,0.0,477,,Foreclosure Attorney,1,1.01
"Blueworks Live Training, TMR Space",FCL Timeline Non-Judicial Quasi Proceeding - Level 3,Title Tasks Executed,Monitor Title for Delivery,,,0.0,0.0,477,24H,Foreclosure Attorney,2,2.01
"Blueworks Live Training, TMR Space",FCL Timeline Non-Judicial Quasi Proceeding - Level 3,Title Tasks Executed,Curative Title Process,,,2.0,0.0,44,,Curative Title Team,2,2.0199999999999996
"Blueworks Live Training, TMR Space",FCL Timeline Non-Judicial Quasi Proceeding - Level 3,Title Tasks Executed,Continue Foreclosure Process,,,0.0,0.0,477,,Foreclosure Attorney,2,2.0299999999999994
"Blueworks Live Training, TMR Space",FCL Timeline Non-Judicial Quasi Proceeding - Level 3,Title Tasks Executed,"Evaluate Foreclosure, Title, Restart State",,,0.0,0.0,477,,Foreclosure Attorney,2,2.039999999999999
"Blueworks Live Training, TMR Space",FCL Timeline Non-Judicial Quasi Proceeding - Level 3,Title Tasks Executed,Publish Notice of Default (1st Legal),,,0.0,0.0,175,,Foreclosure Attorney,2,2.049999999999999
"Blueworks Live Training, TMR Space",FCL Timeline Non-Judicial Quasi Proceeding - Level 3,Title Tasks Executed,Request State Documents,,,0.0,0.0,52,,Foreclosure Attorney,2,2.0599999999999987
"Blueworks Live Training, TMR Space",FCL Timeline Non-Judicial Quasi Proceeding - Level 3,Title Tasks Executed,Request Notice of Hearing (1st Legal),,,0.0,0.0,52,,Foreclosure Attorney,2,2.0699999999999985
"Blueworks Live Training, TMR Space",FCL Timeline Non-Judicial Quasi Proceeding - Level 3,Title Tasks Executed,Confirm Service Complete,,,0.0,0.0,52,,Foreclosure Attorney,2,2.0799999999999983
"Blueworks Live Training, TMR Space",FCL Timeline Non-Judicial Quasi Proceeding - Level 3,Title Tasks Executed,Schedule & Conduct Hearing,,,0.0,0.0,52,,Court,2,2.089999999999998
"Blueworks Live Training, TMR Space",FCL Timeline Non-Judicial Quasi Proceeding - Level 3,Title Tasks Executed,Enter Order for Sale,,,0.0,0.0,52,,Court,2,2.099999999999998
"Blueworks Live Training, TMR Space",FCL Timeline Non-Judicial Quasi Proceeding - Level 3,Title Tasks Executed,Execute State Required Documents,,,19.0,0.0,52,135 Minutes,DocEx,2,2.1099999999999977
"Blueworks Live Training, TMR Space",FCL Timeline Non-Judicial Quasi Proceeding - Level 3,Publish Results Determined,Publish Notice of Trustee Sale,,,0.0,0.0,175,,Foreclosure Attorney,3,3.01
"Blueworks Live Training, TMR Space",FCL Timeline Non-Judicial Quasi Proceeding - Level 3,Publish Results Determined,Schedule Foreclosure Sale,,,0.0,0.0,599,,Foreclosure Attorney,3,3.0199999999999996
"Blueworks Live Training, TMR Space",FCL Timeline Non-Judicial Quasi Proceeding - Level 3,Publish Results Determined,Publish (Post) Notice of Sale,,,0.0,0.0,52,3W,Foreclosure Attorney,3,3.0299999999999994
"Blueworks Live Training, TMR Space",FCL Timeline Non-Judicial Quasi Proceeding - Level 3,Publish Results Determined,Publish Notice of Intent for Sale (1st Legal),,,0.0,0.0,174,,Foreclosure Attorney,3,3.039999999999999
"Blueworks Live Training, TMR Space",FCL Timeline Non-Judicial Quasi Proceeding - Level 3,Publish Results Determined,Enter Sale Scheduled For Date in Default Workflow,,,0.0,0.0,599,,Foreclosure Attorney,3,3.049999999999999
"Blueworks Live Training, TMR Space",Tom Roubik Getting Started Process,Submit Work Order,Submit Work Order Request,blue,,0.0,0.0,,,<Enter your role here>,1,1.01
"Blueworks Live Training, TMR Space",Tom Roubik Getting Started Process,Submit Work Order,Provide Cost Estimate,purple,,0.0,0.0,,,Service Provider,1,1.02
"Blueworks Live Training, TMR Space",Tom Roubik Getting Started Process,Deliver Services,Perform Services,orange,,0.0,0.0,,,Service Provider,2,2.01
"Blueworks Live Training, TMR Space",Tom Roubik Getting Started Process,Deliver Services,Acknowledge Receipt of Services,green,,0.0,0.0,,,<Enter your role here>,2,2.0199999999999996
"Blueworks Live Training, TMR Space",Tom Roubik Getting Started Process,Make Payment,Transfer Funds,green,,0.0,0.0,,,Accounting,3,3.01
"Blueworks Live Training, TMR Space",FCL Timeline DocEx- Level 3,FCL Documents Received,Complete/Launch Signature Request Documents,,,0.0,0.0,701,,Foreclosure Attorney,1,1.01
"Blueworks Live Training, TMR Space",FCL Timeline DocEx- Level 3,FCL Documents Received,Review Document Requests,,,0.0,7.0,701,15 Minutes,TCS Offshore,1,1.02
"Blueworks Live Training, TMR Space",FCL Timeline DocEx- Level 3,FCL Documents Received,"QC ""Wet Signature"" Request List",,,19.0,0.0,685,90 Minutes,QC/Execution Onshore,1,1.03
"Blueworks Live Training, TMR Space",FCL Timeline DocEx- Level 3,FCL Documents Received,Complete Signature Execution Requests,,,19.0,0.0,685,5 Minutes,QC/Execution Onshore,1,1.04
"Blueworks Live Training, TMR Space",FCL Timeline DocEx- Level 3,FCL Documents Received,Correct and Re-Submit,,,0.0,0.0,51,,Foreclosure Attorney,1,1.05
"Blueworks Live Training, TMR Space",FCL Timeline DocEx- Level 3,FCL Documents Received,Complete eSign Document Execution Request,,,19.0,0.0,120,5 Minutes,QC/Execution Onshore,1,1.06
"Blueworks Live Training, TMR Space",FCL Timeline DocEx- Level 3,Documents Reviewed,Image All Documents,yellow,DIS - Document Service,4.0,0.0,679,15 Minutes,Servicing Timeline DocEx Mail Team,2,2.01
"Blueworks Live Training, TMR Space",FCL Timeline DocEx- Level 3,Documents Reviewed,Create Regular Mail & eFile Lists,yellow,DIS - Document Service,4.0,0.0,679,5 Minutes,Servicing Timeline DocEx Mail Team,2,2.0199999999999996
"Blueworks Live Training, TMR Space",FCL Timeline DocEx- Level 3,Documents Reviewed,Mail Physical Documents to Attorney,yellow,DIS - Document Service,4.0,0.0,679,5 Minutes,Servicing Timeline DocEx Mail Team,2,2.0299999999999994
"Blueworks Live Training, TMR Space",FCL Timeline DocEx- Level 3,Documents Delivered,Upload Signed eFile Documents,yellow,DIS - Document Service,0.0,7.0,679,3 Minutes,TCS Offshore,3,3.01
"Blueworks Live Training, TMR Space",FCL Timeline DocEx- Level 3,Documents Delivered,Receive Mailed or eFiled Documents,,,0.0,0.0,679,10D,Foreclosure Attorney,3,3.0199999999999996
"Blueworks Live Training, TMR Space",FCL Timeline DocEx- Level 3,Documents Delivered,Confirm Document Request,,,0.0,0.0,679,,Foreclosure Attorney,3,3.0299999999999994
"Blueworks Live Training, TMR Space",FCL Timeline DocEx- Level 3,Documents Delivered,Close Signature Required Rail,,,0.0,0.0,679,,Foreclosure Attorney,3,3.039999999999999
"Blueworks Live Training, TMR Space",FCL Timeline Curative Titles Process - Level 3,Title Claim Eligibility Determined,Provide Full Title Issue Description (3 day SLA),,,0.0,0.0,44,3D,Foreclosure Attorney,1,1.01
"Blueworks Live Training, TMR Space",FCL Timeline Curative Titles Process - Level 3,Title Claim Eligibility Determined,Review Title for Claim Eligibility,,,0.0,0.0,44,,Title Issue Vendor,1,1.02
"Blueworks Live Training, TMR Space",FCL Timeline Curative Titles Process - Level 3,Insurance Claim Filed,Prepare Title Insurance Claim,,,0.0,0.0,,,Title Issue Vendor,2,2.01
"Blueworks Live Training, TMR Space",FCL Timeline Curative Titles Process - Level 3,Insurance Claim Filed,File Title Insurance Claim,,,0.0,0.0,,,Title Issue Vendor,2,2.0199999999999996
"Blueworks Live Training, TMR Space",FCL Timeline Curative Titles Process - Level 3,Documents Prepared,Prepare DocEx Request,,,0.0,0.0,20,,Title Issue Vendor,3,3.01
"Blueworks Live Training, TMR Space",FCL Timeline Curative Titles Process - Level 3,Documents Prepared,Forward Request to Curative Titles team,,,0.0,0.0,20,,Title Issue Vendor,3,3.0199999999999996
"Blueworks Live Training, TMR Space",FCL Timeline Curative Titles Process - Level 3,Documents Prepared,Review for Request Accuracy,default,,4.0,0.0,20,15 Minutes,Curative Title Team,3,3.0299999999999994
"Blueworks Live Training, TMR Space",FCL Timeline Curative Titles Process - Level 3,Documents Prepared,Enter Collection Code LSRD in SOR,default,,4.0,0.0,20,2 Minutes,Curative Title Team,3,3.039999999999999
"Blueworks Live Training, TMR Space",FCL Timeline Curative Titles Process - Level 3,Documents Prepared,Execute Requested Document,,,4.0,0.0,20,90 Minutes,Curative Title Team,3,3.049999999999999
"Blueworks Live Training, TMR Space",FCL Timeline Curative Titles Process - Level 3,Documents Prepared,Store Copy of Docs on Network,default,,4.0,0.0,20,2 Minutes,Curative Title Team,3,3.0599999999999987
"Blueworks Live Training, TMR Space",FCL Timeline Curative Titles Process - Level 3,Documents Prepared,Initiate Manual Title Cure,,,0.0,0.0,,,Foreclosure Attorney,3,3.0699999999999985
"Blueworks Live Training, TMR Space",FCL Timeline Curative Titles Process - Level 3,Documents Prepared,Prepare Documents for Execution Request,,,0.0,0.0,20,,Foreclosure Attorney,3,3.0799999999999983
"Blueworks Live Training, TMR Space",FCL Timeline Curative Titles Process - Level 3,Documents Prepared,Forward Docs for Execution to Issue Vendor,,,0.0,0.0,20,,Foreclosure Attorney,3,3.089999999999998
"Blueworks Live Training, TMR Space",FCL Timeline Curative Titles Process - Level 3,Loan System Updated,Update Collection Code LSED in SOR,default,,4.0,0.0,20,10 Minutes,Curative Title Team,4,4.01
"Blueworks Live Training, TMR Space",FCL Timeline Curative Titles Process - Level 3,Claim Issues Resolved,Assist Firm with Issue Resolutions,default,,0.0,0.0,48,,Title Issue Vendor,5,5.01
"Blueworks Live Training, TMR Space",FCL Timeline Curative Titles Process - Level 3,Claim Issues Resolved,Resolve Issue,,,0.0,0.0,48,,Title Issue Vendor,5,5.02
"Blueworks Live Training, TMR Space",FCL Timeline Curative Titles Process - Level 3,Claim Issues Resolved,Provide Case & Resolution Summary to NSM,default,,0.0,0.0,48,,Title Issue Vendor,5,5.029999999999999
"Blueworks Live Training, TMR Space",FCL Timeline Curative Titles Process - Level 3,Title Claim Approved,Review Case,default,,4.0,0.0,48,5 Minutes,Curative Title Team,6,6.01
"Blueworks Live Training, TMR Space",FCL Timeline Curative Titles Process - Level 3,Title Claim Approved,Fwd Resolution Summary to All Parties,yellow,Other - Internal System,4.0,0.0,48,2 Minutes,Curative Title Team,6,6.02
"Blueworks Live Training, TMR Space",FCL Timeline Curative Titles Process - Level 3,Title Claim Approved,Notify FCL Timeline to Proceed w/ FCL,yellow,Other - Internal System,4.0,0.0,48,2 Minutes,Curative Title Team,6,6.029999999999999
"Blueworks Live Training, TMR Space",FCL Timeline Curative Titles Process - Level 3,Title Claim Approved,Update Default Workflow as Needed,,,4.0,0.0,48,2 Minutes,Curative Title Team,6,6.039999999999999
"Blueworks Live Training, TMR Space",FCL Timeline Curative Titles Process - Level 3,Title Claim Approved,Sign Approval for Loss Incurred,default,,1.0,0.0,48,5 Minutes,Business Unit SVP,6,6.049999999999999
"Blueworks Live Training, TMR Space",FCL Timeline 3rd Party Post-Sale - Level 3,Sale Completed & Investor Notified,Enter Sale Results in Default Workflow System,,,0.0,0.0,538,,Foreclosure Attorney,1,1.01
"Blueworks Live Training, TMR Space",FCL Timeline 3rd Party Post-Sale - Level 3,Sale Completed & Investor Notified,Complete Post Sale Requirements,,,0.0,0.0,538,,Foreclosure Attorney,1,1.02
"Blueworks Live Training, TMR Space",FCL Timeline 3rd Party Post-Sale - Level 3,Sale Completed & Investor Notified,Notify Investor of 3rd Party Sale Held,yellow,DIS - Step Service,26.0,0.0,538,5 Minutes,Foreclosure Specialist,1,1.03
"Blueworks Live Training, TMR Space",FCL Timeline 3rd Party Post-Sale - Level 3,Post Sale BK & SCRA Search Completed,Update Loan System Message 85 & 29 Code,yellow,DIS - Step Service,26.0,0.0,538,3 Minutes,Foreclosure Specialist,2,2.01
"Blueworks Live Training, TMR Space",FCL Timeline 3rd Party Post-Sale - Level 3,Post Sale BK & SCRA Search Completed,Complete Post-Sale BK Check,,,0.0,0.0,527,,Foreclosure Attorney,2,2.0199999999999996
"Blueworks Live Training, TMR Space",FCL Timeline 3rd Party Post-Sale - Level 3,Post Sale BK & SCRA Search Completed,Complete Post-Sale SCRA Eligibility Review,default,,0.0,0.0,46,,Foreclosure Attorney,2,2.0299999999999994
"Blueworks Live Training, TMR Space",FCL Timeline 3rd Party Post-Sale - Level 3,Transfer Tasks Completed,Monitor Queue for Redemption Expiration,yellow,DIS - Step Service,26.0,0.0,263,3 Minutes,Foreclosure Specialist,3,3.01
"Blueworks Live Training, TMR Space",FCL Timeline 3rd Party Post-Sale - Level 3,Transfer Tasks Completed,Check for Redemption Period,,,0.0,0.0,527,,Foreclosure Attorney,3,3.0199999999999996
"Blueworks Live Training, TMR Space",FCL Timeline 3rd Party Post-Sale - Level 3,Transfer Tasks Completed,Report Expired Redemption Period,yellow,DIS - Step Service,0.0,0.0,263,,Foreclosure Attorney,3,3.0299999999999994
"Blueworks Live Training, TMR Space",FCL Timeline 3rd Party Post-Sale - Level 3,Transfer Tasks Completed,Monitor for Transfer of 3rd Party Funds Completion,,,26.0,0.0,527,5 Minutes,Foreclosure Specialist,3,3.039999999999999
"Blueworks Live Training, TMR Space",FCL Timeline 3rd Party Post-Sale - Level 3,Transfer Tasks Completed,Apply Funds,yellow,LSAMS Technology Enhancement,3.0,0.0,527,,Account Services,3,3.049999999999999
"Blueworks Live Training, TMR Space",FCL Timeline 3rd Party Post-Sale - Level 3,Transfer Tasks Completed,Confirm Funds Applied Correctly by Acct Svcs,,,26.0,0.0,527,5 Minutes,Foreclosure Specialist,3,3.0599999999999987
"Blueworks Live Training, TMR Space",FCL Timeline 3rd Party Post-Sale - Level 3,Transfer Tasks Completed,Remove Message Code 85,yellow,DIS - Step Service,26.0,0.0,527,2 Minutes,Foreclosure Specialist,3,3.0699999999999985
"Blueworks Live Training, TMR Space",FCL Timeline 3rd Party Post-Sale - Level 3,Transfer Tasks Completed,Apply Message Code 06,yellow,DIS - Step Service,26.0,0.0,157,2 Minutes,Foreclosure Specialist,3,3.0799999999999983
"Blueworks Live Training, TMR Space",FCL Timeline 3rd Party Post-Sale - Level 3,Transfer Tasks Completed,Confirm All Post-Sale Steps Complete,default,,26.0,0.0,527,5 Minutes,Foreclosure Specialist,3,3.089999999999998
"Blueworks Live Training, TMR Space",FCL Timeline 3rd Party Post-Sale - Level 3,Transfer Tasks Completed,Complete Process in Lender System,default,,26.0,0.0,527,1 Minutes,Foreclosure Specialist,3,3.099999999999998
"Blueworks Live Training, TMR Space",Message Code Update - Level 3,Event Type & Investor Assessed,Select Message Code based on Loan Criteria,,,0.0,0.0,,,Foreclosure,1,1.01
"Blueworks Live Training, TMR Space",Message Code Update - Level 3,Loan System Updated,Update Loan System Message Code,,,0.0,0.0,,,IT,2,2.01
"Blueworks Live Training, TMR Space",Foreclosure Demand Process -  Level 3,Default Report Generated,Generate the Default Reporting Demand Waterfall,default,,0.0,0.0,24,,Default Reporting Team,1,1.01
"Blueworks Live Training, TMR Space",Foreclosure Demand Process -  Level 3,Default Report Generated,Monitor & Manage Daily Waterfall Report,,,1.0,0.0,24,5 Minutes,Demand Onshore Team,1,1.02
"Blueworks Live Training, TMR Space",Foreclosure Demand Process -  Level 3,State File Created,Create (data) State File for Needs Demand Accounts,default,,0.0,0.0,24,5 Minutes,NSM IT Batch File,2,2.01
"Blueworks Live Training, TMR Space",Foreclosure Demand Process -  Level 3,Loan System Updated for Demand Failure,Open Demand Account in Loan System,default,,0.0,0.0,23000,1 Minutes,NSM IT Batch File,3,3.01
"Blueworks Live Training, TMR Space",Foreclosure Demand Process -  Level 3,Loan System Updated for Demand Failure,Review Exception Queue,,,0.0,10.0,23000,7 Minutes,TCS Offshore,3,3.0199999999999996
"Blueworks Live Training, TMR Space",Foreclosure Demand Process -  Level 3,Loan System Updated for Demand Failure,Accept or Reject Demand Based on Review,,,0.0,10.0,23000,2 Minutes,TCS Offshore,3,3.0299999999999994
"Blueworks Live Training, TMR Space",Foreclosure Demand Process -  Level 3,Loan System Updated for Demand Failure,Batch Code to Document Demand Rejected,default,,0.0,0.0,1150,5 Minutes,NSM IT Batch File,3,3.039999999999999
"Blueworks Live Training, TMR Space",Foreclosure Demand Process -  Level 3,Loan System Updated for Demand Failure,Re-Insert Loan into Demand Waterfall,default,,0.0,0.0,1150,1 Minutes,NSM IT Batch File,3,3.049999999999999
"Blueworks Live Training, TMR Space",Foreclosure Demand Process -  Level 3,Print File Tasks Completed,Retrieve Updated Requirements from Entity List,yellow,LSAMS Technology Enhancement,0.0,1.0,9660,7 Minutes,TCS Offshore,4,4.01
"Blueworks Live Training, TMR Space",Foreclosure Demand Process -  Level 3,Print File Tasks Completed,Merge Entity List Updates with State File,yellow,LSAMS Technology Enhancement,0.0,1.0,9660,7 Minutes,TCS Offshore,4,4.02
"Blueworks Live Training, TMR Space",Foreclosure Demand Process -  Level 3,Print File Tasks Completed,Load Revised State File to Shared Drive,yellow,LSAMS Technology Enhancement,0.0,1.0,21,5 Minutes,TCS Offshore,4,4.029999999999999
"Blueworks Live Training, TMR Space",Foreclosure Demand Process -  Level 3,Print File Tasks Completed,QC Final Print File,,,1.0,0.0,21,20 Minutes,Demand Onshore Team,4,4.039999999999999
"Blueworks Live Training, TMR Space",Foreclosure Demand Process -  Level 3,Print File Tasks Completed,Make Inline Formatting Revisions,,,1.0,0.0,952,6 Minutes,Demand Onshore Team,4,4.049999999999999
"Blueworks Live Training, TMR Space",Foreclosure Demand Process -  Level 3,Print File Tasks Completed,Forward Final Print File to Print Vendor,yellow,Existing LSAMS Technology,1.0,0.0,21,5 Minutes,Demand Onshore Team,4,4.059999999999999
"Blueworks Live Training, TMR Space",Foreclosure Demand Process -  Level 3,Print File Tasks Completed,Receive State File for Printing,default,LSAMS Technology Enhancement,0.0,0.0,24,,Lender Live,4,4.0699999999999985
"Blueworks Live Training, TMR Space",Foreclosure Demand Process -  Level 3,Print File Tasks Completed,Print Demand Letters from State File,default,,0.0,0.0,23000,,Lender Live,4,4.079999999999998
"Blueworks Live Training, TMR Space",Foreclosure Demand Process -  Level 3,Print File Tasks Completed,Mail Printed Demand Letters,default,,0.0,0.0,23000,,Lender Live,4,4.089999999999998
"Blueworks Live Training, TMR Space",Foreclosure Demand Process -  Level 3,Print File Tasks Completed,Create Reconcilliation File,default,,0.0,0.0,24,,Lender Live,4,4.099999999999998
"Blueworks Live Training, TMR Space",Foreclosure Demand Process -  Level 3,Loan System Updated for Demand Complete,Receive Reconciliation File from Print Vendor,yellow,LSAMS Technology Enhancement,0.0,0.0,24,1D,NSM IT Batch File,5,5.01
"Blueworks Live Training, TMR Space",Foreclosure Demand Process -  Level 3,Loan System Updated for Demand Complete,Batch Code to Document Demand,default,Existing LSAMS Technology,0.0,0.0,23000,5 Minutes,NSM IT Batch File,5,5.02
"Blueworks Live Training, TMR Space",Foreclosure Demand Process -  Level 3,Loan System Updated for Demand Complete,Close Door in Loan System,default,Existing LSAMS Technology,0.0,0.0,23000,1 Minutes,NSM IT Batch File,5,5.029999999999999
"Blueworks Live Training, TMR Space",FCL Timeline Non-Judicial Quasi Proceeding - Level 3,Foreclosure Type Determined,Receive Referral File,,,0.0,0.0,477,,Foreclosure Attorney,1,1.01
"Blueworks Live Training, TMR Space",FCL Timeline Non-Judicial Quasi Proceeding - Level 3,Title Tasks Executed,Monitor Title for Delivery,,,0.0,0.0,477,24H,Foreclosure Attorney,2,2.01
"Blueworks Live Training, TMR Space",FCL Timeline Non-Judicial Quasi Proceeding - Level 3,Title Tasks Executed,Curative Title Process,,,2.0,0.0,44,,Curative Title Team,2,2.0199999999999996
"Blueworks Live Training, TMR Space",FCL Timeline Non-Judicial Quasi Proceeding - Level 3,Title Tasks Executed,Continue Foreclosure Process,,,0.0,0.0,477,,Foreclosure Attorney,2,2.0299999999999994
"Blueworks Live Training, TMR Space",FCL Timeline Non-Judicial Quasi Proceeding - Level 3,Title Tasks Executed,"Evaluate Foreclosure, Title, Restart State",,,0.0,0.0,477,,Foreclosure Attorney,2,2.039999999999999
"Blueworks Live Training, TMR Space",FCL Timeline Non-Judicial Quasi Proceeding - Level 3,Title Tasks Executed,Publish Notice of Default (1st Legal),,,0.0,0.0,175,,Foreclosure Attorney,2,2.049999999999999
"Blueworks Live Training, TMR Space",FCL Timeline Non-Judicial Quasi Proceeding - Level 3,Title Tasks Executed,Request State Documents,,,0.0,0.0,52,,Foreclosure Attorney,2,2.0599999999999987
"Blueworks Live Training, TMR Space",FCL Timeline Non-Judicial Quasi Proceeding - Level 3,Title Tasks Executed,Request Notice of Hearing (1st Legal),,,0.0,0.0,52,,Foreclosure Attorney,2,2.0699999999999985
"Blueworks Live Training, TMR Space",FCL Timeline Non-Judicial Quasi Proceeding - Level 3,Title Tasks Executed,Confirm Service Complete,,,0.0,0.0,52,,Foreclosure Attorney,2,2.0799999999999983
"Blueworks Live Training, TMR Space",FCL Timeline Non-Judicial Quasi Proceeding - Level 3,Title Tasks Executed,Schedule & Conduct Hearing,,,0.0,0.0,52,,Court,2,2.089999999999998
"Blueworks Live Training, TMR Space",FCL Timeline Non-Judicial Quasi Proceeding - Level 3,Title Tasks Executed,Enter Order for Sale,,,0.0,0.0,52,,Court,2,2.099999999999998
"Blueworks Live Training, TMR Space",FCL Timeline Non-Judicial Quasi Proceeding - Level 3,Title Tasks Executed,Execute State Required Documents,,,19.0,0.0,52,135 Minutes,DocEx,2,2.1099999999999977
"Blueworks Live Training, TMR Space",FCL Timeline Non-Judicial Quasi Proceeding - Level 3,Publish Results Determined,Publish Notice of Trustee Sale,,,0.0,0.0,175,,Foreclosure Attorney,3,3.01
"Blueworks Live Training, TMR Space",FCL Timeline Non-Judicial Quasi Proceeding - Level 3,Publish Results Determined,Schedule Foreclosure Sale,,,0.0,0.0,599,,Foreclosure Attorney,3,3.0199999999999996
"Blueworks Live Training, TMR Space",FCL Timeline Non-Judicial Quasi Proceeding - Level 3,Publish Results Determined,Publish (Post) Notice of Sale,,,0.0,0.0,52,3W,Foreclosure Attorney,3,3.0299999999999994
"Blueworks Live Training, TMR Space",FCL Timeline Non-Judicial Quasi Proceeding - Level 3,Publish Results Determined,Publish Notice of Intent for Sale (1st Legal),,,0.0,0.0,174,,Foreclosure Attorney,3,3.039999999999999
"Blueworks Live Training, TMR Space",FCL Timeline Non-Judicial Quasi Proceeding - Level 3,Publish Results Determined,Enter Sale Scheduled For Date in Default Workflow,,,0.0,0.0,599,,Foreclosure Attorney,3,3.049999999999999
